Workbook

Sheet Лист1
A1: Артикул | B1: штрихкод | C1: Имя файла картинки для карточки | D1: Local_PDF_Path_Column_Name | E1: путь к печати | F1: Rotate | G1: Раскладка в ширину | H1: путь папки в облако | I1: место | J1: Предмет | K1: Бренд | L1: Цвет | M1: Пол | N1: Артикул продавца | O1: Артикул WB | P1: Наименование | Q1: Баркод товара | R1: Цена | S1: Состав | T1: Описание | U1: Высота упаковки | V1: Длина упаковки | W1: Ширина упаковки | X1: Вес товара с упаковкой (г) | Y1: Страна производства | Z1: Медиафайлы | AA1: OZON | AB1: НДС, %* | AC1: Включить продвижение | AD1: Ссылка на главное фото* | AE1: Ссылки на дополнительные фото | AF1: Название модели (для объединения в одну карточку)* | AG1: Цвет товара | AH1: Название цвета | AI1: Тип* | AJ1: Аннотация | AK1: Образец цвета | AL1: Ключевые слова | AM1: Вес в упаковке, г* | AN1: Ширина упаковки, мм* | AO1: Высота упаковки, мм* | AP1: Длина упаковки, мм* | AQ1: Тип упорядочить | AR1: SKU
A2: Термобирки Михаил | B2: OZN1295887283 | C2: Mihail | D2: =CONCATENATE("Documents\GitHub\Ozon_upload\barcode\бирки имена\мальчики\", A2, ".pdf") -> Documents\GitHub\Ozon_upload\barcode\бирки имена\мальчики\Термобирки Михаил.pdf | E2: =CONCATENATE("C:\Users\maxim\Documents\GitHub\Ozon_upload\DTF_images\names\мальчики\",,RIGHT(A2,LEN(A2)-FIND(" ",A2)),"_img.tif") -> C:\Users\maxim\Documents\GitHub\Ozon_upload\DTF_images\names\мальчики\Михаил_img.tif | F2: 1 | G2: 2 | I2: н1 | K2: Punky Monkey | N2: Documents\GitHub\Ozon_upload\barcode\бирки имена\мальчики\"; K2; ".pdf") | AB2: Не облагается | AM2: 16 | AN2: 180 | AO2: 1 | AP2: 250 | AQ2: 4_имена
A3: Термобирки Александр | B3: OZN1296040082 | C3: Alexandr | D3: =CONCATENATE("Documents\GitHub\Ozon_upload\barcode\бирки имена\мальчики\", A3, ".pdf") -> Documents\GitHub\Ozon_upload\barcode\бирки имена\мальчики\Термобирки Александр.pdf | E3: =CONCATENATE("C:\Users\maxim\Documents\GitHub\Ozon_upload\DTF_images\names\мальчики\",,RIGHT(A3,LEN(A3)-FIND(" ",A3)),"_img.tif") -> C:\Users\maxim\Documents\GitHub\Ozon_upload\DTF_images\names\мальчики\Александр_img.tif | F3: 1 | G3: 2 | I3: н2 | K3: Punky Monkey | AB3: Не облагается | AM3: 16 | AN3: 180 | AO3: 1 | AP3: 250 | AQ3: 4_имена
A4: Термобирки Максим | B4: OZN1296046505 | C4: Maxim | D4: =CONCATENATE("Documents\GitHub\Ozon_upload\barcode\бирки имена\мальчики\", A4, ".pdf") -> Documents\GitHub\Ozon_upload\barcode\бирки имена\мальчики\Термобирки Максим.pdf | E4: =CONCATENATE("C:\Users\maxim\Documents\GitHub\Ozon_upload\DTF_images\names\мальчики\",,RIGHT(A4,LEN(A4)-FIND(" ",A4)),"_img.tif") -> C:\Users\maxim\Documents\GitHub\Ozon_upload\DTF_images\names\мальчики\Максим_img.tif | F4: 1 | G4: 2 | I4: н3 | K4: Punky Monkey | AB4: Не облагается | AM4: 16 | AN4: 180 | AO4: 1 | AP4: 250 | AQ4: 4_имена
A5: Термобирки Артем | B5: OZN1296047725 | C5: Artem | D5: =CONCATENATE("Documents\GitHub\Ozon_upload\barcode\бирки имена\мальчики\", A5, ".pdf") -> Documents\GitHub\Ozon_upload\barcode\бирки имена\мальчики\Термобирки Артем.pdf | E5: =CONCATENATE("C:\Users\maxim\Documents\GitHub\Ozon_upload\DTF_images\names\мальчики\",,RIGHT(A5,LEN(A5)-FIND(" ",A5)),"_img.tif") -> C:\Users\maxim\Documents\GitHub\Ozon_upload\DTF_images\names\мальчики\Артем_img.tif | F5: 1 | G5: 2 | I5: н4 | K5: Punky Monkey | AB5: Не облагается | AM5: 16 | AN5: 180 | AO5: 1 | AP5: 250 | AQ5: 4_имена
A6: Термобирки Марк | B6: OZN1296049140 | C6: Mark | D6: =CONCATENATE("Documents\GitHub\Ozon_upload\barcode\бирки имена\мальчики\", A6, ".pdf") -> Documents\GitHub\Ozon_upload\barcode\бирки имена\мальчики\Термобирки Марк.pdf | E6: =CONCATENATE("C:\Users\maxim\Documents\GitHub\Ozon_upload\DTF_images\names\мальчики\",,RIGHT(A6,LEN(A6)-FIND(" ",A6)),"_img.tif") -> C:\Users\maxim\Documents\GitHub\Ozon_upload\DTF_images\names\мальчики\Марк_img.tif | F6: 1 | G6: 2 | I6: н5 | K6: Punky Monkey | AB6: Не облагается | AM6: 16 | AN6: 180 | AO6: 1 | AP6: 250 | AQ6: 4_имена
A7: Термобирки Лев | B7: OZN1296049859 | C7: Lev | D7: =CONCATENATE("Documents\GitHub\Ozon_upload\barcode\бирки имена\мальчики\", A7, ".pdf") -> Documents\GitHub\Ozon_upload\barcode\бирки имена\мальчики\Термобирки Лев.pdf | E7: =CONCATENATE("C:\Users\maxim\Documents\GitHub\Ozon_upload\DTF_images\names\мальчики\",,RIGHT(A7,LEN(A7)-FIND(" ",A7)),"_img.tif") -> C:\Users\maxim\Documents\GitHub\Ozon_upload\DTF_images\names\мальчики\Лев_img.tif | F7: 1 | G7: 2 | I7: н6 | K7: Punky Monkey | AB7: Не облагается | AM7: 16 | AN7: 180 | AO7: 1 | AP7: 250 | AQ7: 4_имена
A8: Термобирки Иван | B8: OZN1296050885 | C8: Ivan | D8: =CONCATENATE("Documents\GitHub\Ozon_upload\barcode\бирки имена\мальчики\", A8, ".pdf") -> Documents\GitHub\Ozon_upload\barcode\бирки имена\мальчики\Термобирки Иван.pdf | E8: =CONCATENATE("C:\Users\maxim\Documents\GitHub\Ozon_upload\DTF_images\names\мальчики\",,RIGHT(A8,LEN(A8)-FIND(" ",A8)),"_img.tif") -> C:\Users\maxim\Documents\GitHub\Ozon_upload\DTF_images\names\мальчики\Иван_img.tif | F8: 1 | G8: 2 | I8: н7 | K8: Punky Monkey | AB8: Не облагается | AM8: 16 | AN8: 180 | AO8: 1 | AP8: 250 | AQ8: 4_имена
A9: Термобирки Матвей | B9: OZN1296052287 | C9: Matvey | D9: =CONCATENATE("Documents\GitHub\Ozon_upload\barcode\бирки имена\мальчики\", A9, ".pdf") -> Documents\GitHub\Ozon_upload\barcode\бирки имена\мальчики\Термобирки Матвей.pdf | E9: =CONCATENATE("C:\Users\maxim\Documents\GitHub\Ozon_upload\DTF_images\names\мальчики\",,RIGHT(A9,LEN(A9)-FIND(" ",A9)),"_img.tif") -> C:\Users\maxim\Documents\GitHub\Ozon_upload\DTF_images\names\мальчики\Матвей_img.tif | F9: 1 | G9: 2 | I9: н8 | K9: Punky Monkey | AB9: Не облагается | AM9: 16 | AN9: 180 | AO9: 1 | AP9: 250 | AQ9: 4_имена
A10: Термобирки Даниил | B10: OZN1296053030 | C10: Daniil | D10: =CONCATENATE("Documents\GitHub\Ozon_upload\barcode\бирки имена\мальчики\", A10, ".pdf") -> Documents\GitHub\Ozon_upload\barcode\бирки имена\мальчики\Термобирки Даниил.pdf | E10: =CONCATENATE("C:\Users\maxim\Documents\GitHub\Ozon_upload\DTF_images\names\мальчики\",,RIGHT(A10,LEN(A10)-FIND(" ",A10)),"_img.tif") -> C:\Users\maxim\Documents\GitHub\Ozon_upload\DTF_images\names\мальчики\Даниил_img.tif | F10: 1 | G10: 2 | I10: н9 | K10: Punky Monkey | AB10: Не облагается | AM10: 16 | AN10: 180 | AO10: 1 | AP10: 250 | AQ10: 4_имена
A11: Термобирки Дмитрий | B11: OZN1296053164 | C11: Dmitriy | D11: =CONCATENATE("Documents\GitHub\Ozon_upload\barcode\бирки имена\мальчики\", A11, ".pdf") -> Documents\GitHub\Ozon_upload\barcode\бирки имена\мальчики\Термобирки Дмитрий.pdf | E11: =CONCATENATE("C:\Users\maxim\Documents\GitHub\Ozon_upload\DTF_images\names\мальчики\",,RIGHT(A11,LEN(A11)-FIND(" ",A11)),"_img.tif") -> C:\Users\maxim\Documents\GitHub\Ozon_upload\DTF_images\names\мальчики\Дмитрий_img.tif | F11: 1 | G11: 2 | I11: н10 | K11: Punky Monkey | AB11: Не облагается | AM11: 16 | AN11: 180 | AO11: 1 | AP11: 250 | AQ11: 4_имена
A12: Термобирки Тимофей | B12: OZN1296053524 | C12: Timofey | D12: =CONCATENATE("Documents\GitHub\Ozon_upload\barcode\бирки имена\мальчики\", A12, ".pdf") -> Documents\GitHub\Ozon_upload\barcode\бирки имена\мальчики\Термобирки Тимофей.pdf | E12: =CONCATENATE("C:\Users\maxim\Documents\GitHub\Ozon_upload\DTF_images\names\мальчики\",,RIGHT(A12,LEN(A12)-FIND(" ",A12)),"_img.tif") -> C:\Users\maxim\Documents\GitHub\Ozon_upload\DTF_images\names\мальчики\Тимофей_img.tif | F12: 1 | G12: 2 | I12: н11 | K12: Punky Monkey | AB12: Не облагается | AM12: 16 | AN12: 180 | AO12: 1 | AP12: 250 | AQ12: 4_имена
A13: Термобирки Роман | B13: OZN1296053904 | C13: Roman | D13: =CONCATENATE("Documents\GitHub\Ozon_upload\barcode\бирки имена\мальчики\", A13, ".pdf") -> Documents\GitHub\Ozon_upload\barcode\бирки имена\мальчики\Термобирки Роман.pdf | E13: =CONCATENATE("C:\Users\maxim\Documents\GitHub\Ozon_upload\DTF_images\names\мальчики\",,RIGHT(A13,LEN(A13)-FIND(" ",A13)),"_img.tif") -> C:\Users\maxim\Documents\GitHub\Ozon_upload\DTF_images\names\мальчики\Роман_img.tif | F13: 1 | G13: 2 | I13: н12 | K13: Punky Monkey | AB13: Не облагается | AM13: 16 | AN13: 180 | AO13: 1 | AP13: 250 | AQ13: 4_имена
A14: Термобирки Мирон | B14: OZN1296054484 | C14: Miron | D14: =CONCATENATE("Documents\GitHub\Ozon_upload\barcode\бирки имена\мальчики\", A14, ".pdf") -> Documents\GitHub\Ozon_upload\barcode\бирки имена\мальчики\Термобирки Мирон.pdf | E14: =CONCATENATE("C:\Users\maxim\Documents\GitHub\Ozon_upload\DTF_images\names\мальчики\",,RIGHT(A14,LEN(A14)-FIND(" ",A14)),"_img.tif") -> C:\Users\maxim\Documents\GitHub\Ozon_upload\DTF_images\names\мальчики\Мирон_img.tif | F14: 1 | G14: 2 | I14: н13 | K14: Punky Monkey | AB14: Не облагается | AM14: 16 | AN14: 180 | AO14: 1 | AP14: 250 | AQ14: 4_имена
... A41: Термобирки Мирослав | B41: OZN1296069108 | C41: Miroslav | D41: =CONCATENATE("Documents\GitHub\Ozon_upload\barcode\бирки имена\мальчики\", A41, ".pdf") -> Documents\GitHub\Ozon_upload\barcode\бирки имена\мальчики\Термобирки Мирослав.pdf | E41: =CONCATENATE("C:\Users\maxim\Documents\GitHub\Ozon_upload\DTF_images\names\мальчики\",,RIGHT(A41,LEN(A41)-FIND(" ",A41)),"_img.tif") -> C:\Users\maxim\Documents\GitHub\Ozon_upload\DTF_images\names\мальчики\Мирослав_img.tif | F41: 1 | G41: 2 | I41: н40 | K41: Punky Monkey | AB41: Не облагается | AM41: 16 | AN41: 180 | AO41: 1 | AP41: 250 | AQ41: 4_имена
A42: Термобирки София | B42: OZN1302305863 | C42: Sofia | D42: =CONCATENATE("Documents\GitHub\Ozon_upload\barcode\бирки имена\девочки\", A42, ".pdf") -> Documents\GitHub\Ozon_upload\barcode\бирки имена\девочки\Термобирки София.pdf | E42: =CONCATENATE("C:\Users\maxim\Documents\GitHub\Ozon_upload\DTF_images\names\девочки\",,RIGHT(A42,LEN(A42)-FIND(" ",A42)),"_img.tif") -> C:\Users\maxim\Documents\GitHub\Ozon_upload\DTF_images\names\девочки\София_img.tif | F42: 1 | G42: 2 | I42: н41 | K42: Punky Monkey | AB42: Не облагается | AM42: 16 | AN42: 180 | AO42: 1 | AP42: 250 | AQ42: 4_имена
A43: Термобирки Анна | B43: OZN1302411737 | C43: Анна | D43: =CONCATENATE("Documents\GitHub\Ozon_upload\barcode\бирки имена\девочки\", A43, ".pdf") -> Documents\GitHub\Ozon_upload\barcode\бирки имена\девочки\Термобирки Анна.pdf | E43: =CONCATENATE("C:\Users\maxim\Documents\GitHub\Ozon_upload\DTF_images\names\девочки\",,RIGHT(A43,LEN(A43)-FIND(" ",A43)),"_img.tif") -> C:\Users\maxim\Documents\GitHub\Ozon_upload\DTF_images\names\девочки\Анна_img.tif | F43: 1 | G43: 2 | I43: н42 | K43: Punky Monkey | AB43: Не облагается | AM43: 16 | AN43: 180 | AO43: 1 | AP43: 250 | AQ43: 4_имена
A44: Термобирки Мария | B44: OZN1302410399 | C44: Maria | D44: =CONCATENATE("Documents\GitHub\Ozon_upload\barcode\бирки имена\девочки\", A44, ".pdf") -> Documents\GitHub\Ozon_upload\barcode\бирки имена\девочки\Термобирки Мария.pdf | E44: =CONCATENATE("C:\Users\maxim\Documents\GitHub\Ozon_upload\DTF_images\names\девочки\",,RIGHT(A44,LEN(A44)-FIND(" ",A44)),"_img.tif") -> C:\Users\maxim\Documents\GitHub\Ozon_upload\DTF_images\names\девочки\Мария_img.tif | F44: 1 | G44: 2 | I44: н43 | K44: Punky Monkey | AB44: Не облагается | AM44: 16 | AN44: 180 | AO44: 1 | AP44: 250 | AQ44: 4_имена
A45: Термобирки Ева | B45: OZN1302409528 | C45: Eva | D45: =CONCATENATE("Documents\GitHub\Ozon_upload\barcode\бирки имена\девочки\", A45, ".pdf") -> Documents\GitHub\Ozon_upload\barcode\бирки имена\девочки\Термобирки Ева.pdf | E45: =CONCATENATE("C:\Users\maxim\Documents\GitHub\Ozon_upload\DTF_images\names\девочки\",,RIGHT(A45,LEN(A45)-FIND(" ",A45)),"_img.tif") -> C:\Users\maxim\Documents\GitHub\Ozon_upload\DTF_images\names\девочки\Ева_img.tif | F45: 1 | G45: 2 | I45: н44 | K45: Punky Monkey | AB45: Не облагается | AM45: 16 | AN45: 180 | AO45: 1 | AP45: 250 | AQ45: 4_имена
A46: Термобирки Алиса | B46: OZN1302409496 | C46: Alisa | D46: =CONCATENATE("Documents\GitHub\Ozon_upload\barcode\бирки имена\девочки\", A46, ".pdf") -> Documents\GitHub\Ozon_upload\barcode\бирки имена\девочки\Термобирки Алиса.pdf | E46: =CONCATENATE("C:\Users\maxim\Documents\GitHub\Ozon_upload\DTF_images\names\девочки\",,RIGHT(A46,LEN(A46)-FIND(" ",A46)),"_img.tif") -> C:\Users\maxim\Documents\GitHub\Ozon_upload\DTF_images\names\девочки\Алиса_img.tif | F46: 1 | G46: 2 | I46: н45 | K46: Punky Monkey | AB46: Не облагается | AM46: 16 | AN46: 180 | AO46: 1 | AP46: 250 | AQ46: 4_имена
A47: Термобирки Есения | B47: OZN1302409123 | C47: Eseniya | D47: =CONCATENATE("Documents\GitHub\Ozon_upload\barcode\бирки имена\девочки\", A47, ".pdf") -> Documents\GitHub\Ozon_upload\barcode\бирки имена\девочки\Термобирки Есения.pdf | E47: =CONCATENATE("C:\Users\maxim\Documents\GitHub\Ozon_upload\DTF_images\names\девочки\",,RIGHT(A47,LEN(A47)-FIND(" ",A47)),"_img.tif") -> C:\Users\maxim\Documents\GitHub\Ozon_upload\DTF_images\names\девочки\Есения_img.tif | F47: 1 | G47: 2 | I47: н46 | K47: Punky Monkey | AB47: Не облагается | AM47: 16 | AN47: 180 | AO47: 1 | AP47: 250 | AQ47: 4_имена
A48: Термобирки Екатерина | B48: OZN1302407604 | C48: Ekaterina | D48: =CONCATENATE("Documents\GitHub\Ozon_upload\barcode\бирки имена\девочки\", A48, ".pdf") -> Documents\GitHub\Ozon_upload\barcode\бирки имена\девочки\Термобирки Екатерина.pdf | E48: =CONCATENATE("C:\Users\maxim\Documents\GitHub\Ozon_upload\DTF_images\names\девочки\",,RIGHT(A48,LEN(A48)-FIND(" ",A48)),"_img.tif") -> C:\Users\maxim\Documents\GitHub\Ozon_upload\DTF_images\names\девочки\Екатерина_img.tif | F48: 1 | G48: 2 | I48: н47 | K48: Punky Monkey | AB48: Не облагается | AM48: 16 | AN48: 180 | AO48: 1 | AP48: 250 | AQ48: 4_имена
A49: Термобирки Светлана | B49: OZN1302408948 | C49: Svetlana | D49: =CONCATENATE("Documents\GitHub\Ozon_upload\barcode\бирки имена\девочки\", A49, ".pdf") -> Documents\GitHub\Ozon_upload\barcode\бирки имена\девочки\Термобирки Светлана.pdf | E49: =CONCATENATE("C:\Users\maxim\Documents\GitHub\Ozon_upload\DTF_images\names\девочки\",,RIGHT(A49,LEN(A49)-FIND(" ",A49)),"_img.tif") -> C:\Users\maxim\Documents\GitHub\Ozon_upload\DTF_images\names\девочки\Светлана_img.tif | F49: 1 | G49: 2 | I49: н48 | K49: Punky Monkey | AB49: Не облагается | AM49: 16 | AN49: 180 | AO49: 1 | AP49: 250 | AQ49: 4_имена
A50: Термобирки Полина | B50: OZN1302409185 | C50: Polina | D50: =CONCATENATE("Documents\GitHub\Ozon_upload\barcode\бирки имена\девочки\", A50, ".pdf") -> Documents\GitHub\Ozon_upload\barcode\бирки имена\девочки\Термобирки Полина.pdf | E50: =CONCATENATE("C:\Users\maxim\Documents\GitHub\Ozon_upload\DTF_images\names\девочки\",,RIGHT(A50,LEN(A50)-FIND(" ",A50)),"_img.tif") -> C:\Users\maxim\Documents\GitHub\Ozon_upload\DTF_images\names\девочки\Полина_img.tif | F50: 1 | G50: 2 | I50: н49 | K50: Punky Monkey | AB50: Не облагается | AM50: 16 | AN50: 180 | AO50: 1 | AP50: 250 | AQ50: 4_имена
A51: Термобирки Оливия | B51: OZN1302409422 | C51: Olivia | D51: =CONCATENATE("Documents\GitHub\Ozon_upload\barcode\бирки имена\девочки\", A51, ".pdf") -> Documents\GitHub\Ozon_upload\barcode\бирки имена\девочки\Термобирки Оливия.pdf | E51: =CONCATENATE("C:\Users\maxim\Documents\GitHub\Ozon_upload\DTF_images\names\девочки\",,RIGHT(A51,LEN(A51)-FIND(" ",A51)),"_img.tif") -> C:\Users\maxim\Documents\GitHub\Ozon_upload\DTF_images\names\девочки\Оливия_img.tif | F51: 1 | G51: 2 | I51: н50 | K51: Punky Monkey | AB51: Не облагается | AM51: 16 | AN51: 180 | AO51: 1 | AP51: 250 | AQ51: 4_имена
A52: Термобирки Агата | B52: OZN1302409156 | C52: Agata | D52: =CONCATENATE("Documents\GitHub\Ozon_upload\barcode\бирки имена\девочки\", A52, ".pdf") -> Documents\GitHub\Ozon_upload\barcode\бирки имена\девочки\Термобирки Агата.pdf | E52: =CONCATENATE("C:\Users\maxim\Documents\GitHub\Ozon_upload\DTF_images\names\девочки\",,RIGHT(A52,LEN(A52)-FIND(" ",A52)),"_img.tif") -> C:\Users\maxim\Documents\GitHub\Ozon_upload\DTF_images\names\девочки\Агата_img.tif | F52: 1 | G52: 2 | I52: н51 | K52: Punky Monkey | AB52: Не облагается | AM52: 16 | AN52: 180 | AO52: 1 | AP52: 250 | AQ52: 4_имена
A53: Термобирки Милана | B53: OZN1302408933 | C53: Milana | D53: =CONCATENATE("Documents\GitHub\Ozon_upload\barcode\бирки имена\девочки\", A53, ".pdf") -> Documents\GitHub\Ozon_upload\barcode\бирки имена\девочки\Термобирки Милана.pdf | E53: =CONCATENATE("C:\Users\maxim\Documents\GitHub\Ozon_upload\DTF_images\names\девочки\",,RIGHT(A53,LEN(A53)-FIND(" ",A53)),"_img.tif") -> C:\Users\maxim\Documents\GitHub\Ozon_upload\DTF_images\names\девочки\Милана_img.tif | F53: 1 | G53: 2 | I53: н52 | K53: Punky Monkey | AB53: Не облагается | AM53: 16 | AN53: 180 | AO53: 1 | AP53: 250 | AQ53: 4_имена
... A81: Термобирки Аделина | B81: OZN1302409334 | C81: Adelina | D81: =CONCATENATE("Documents\GitHub\Ozon_upload\barcode\бирки имена\девочки\", A81, ".pdf") -> Documents\GitHub\Ozon_upload\barcode\бирки имена\девочки\Термобирки Аделина.pdf | E81: =CONCATENATE("C:\Users\maxim\Documents\GitHub\Ozon_upload\DTF_images\names\девочки\",,RIGHT(A81,LEN(A81)-FIND(" ",A81)),"_img.tif") -> C:\Users\maxim\Documents\GitHub\Ozon_upload\DTF_images\names\девочки\Аделина_img.tif | F81: 1 | G81: 2 | I81: н80 | K81: Punky Monkey | AB81: Не облагается | AM81: 16 | AN81: 180 | AO81: 1 | AP81: 250 | AQ81: 4_имена
A82: Термобирки Владимир | B82: OZN1325160332 | C82: Vladimir | D82: =CONCATENATE("Documents\GitHub\Ozon_upload\barcode\бирки имена\мальчики\", A82, ".pdf") -> Documents\GitHub\Ozon_upload\barcode\бирки имена\мальчики\Термобирки Владимир.pdf | E82: =CONCATENATE("C:\Users\maxim\Documents\GitHub\Ozon_upload\DTF_images\names\мальчики\",,RIGHT(A82,LEN(A82)-FIND(" ",A82)),"_img.tif") -> C:\Users\maxim\Documents\GitHub\Ozon_upload\DTF_images\names\мальчики\Владимир_img.tif | F82: 1 | G82: 2 | I82: н81 | K82: Punky Monkey | AB82: Не облагается | AM82: 16 | AN82: 180 | AO82: 1 | AP82: 250 | AQ82: 4_имена
A83: Термобирки Ярослав | B83: OZN1325161455 | C83: Yaroslav | D83: =CONCATENATE("Documents\GitHub\Ozon_upload\barcode\бирки имена\мальчики\", A83, ".pdf") -> Documents\GitHub\Ozon_upload\barcode\бирки имена\мальчики\Термобирки Ярослав.pdf | E83: =CONCATENATE("C:\Users\maxim\Documents\GitHub\Ozon_upload\DTF_images\names\мальчики\",,RIGHT(A83,LEN(A83)-FIND(" ",A83)),"_img.tif") -> C:\Users\maxim\Documents\GitHub\Ozon_upload\DTF_images\names\мальчики\Ярослав_img.tif | F83: 1 | G83: 2 | I83: н82 | K83: Punky Monkey | AB83: Не облагается | AM83: 16 | AN83: 180 | AO83: 1 | AP83: 250 | AQ83: 4_имена
A84: Термобирки Семён | B84: OZN1325162457 | C84: Semen | D84: =CONCATENATE("Documents\GitHub\Ozon_upload\barcode\бирки имена\мальчики\", A84, ".pdf") -> Documents\GitHub\Ozon_upload\barcode\бирки имена\мальчики\Термобирки Семён.pdf | E84: =CONCATENATE("C:\Users\maxim\Documents\GitHub\Ozon_upload\DTF_images\names\мальчики\",,RIGHT(A84,LEN(A84)-FIND(" ",A84)),"_img.tif") -> C:\Users\maxim\Documents\GitHub\Ozon_upload\DTF_images\names\мальчики\Семён_img.tif | F84: 1 | G84: 2 | I84: н83 | K84: Punky Monkey | AB84: Не облагается | AM84: 16 | AN84: 180 | AO84: 1 | AP84: 250 | AQ84: 4_имена
A85: Термобирки Сергей | B85: OZN1325163089 | C85: Sergey | D85: =CONCATENATE("Documents\GitHub\Ozon_upload\barcode\бирки имена\мальчики\", A85, ".pdf") -> Documents\GitHub\Ozon_upload\barcode\бирки имена\мальчики\Термобирки Сергей.pdf | E85: =CONCATENATE("C:\Users\maxim\Documents\GitHub\Ozon_upload\DTF_images\names\мальчики\",,RIGHT(A85,LEN(A85)-FIND(" ",A85)),"_img.tif") -> C:\Users\maxim\Documents\GitHub\Ozon_upload\DTF_images\names\мальчики\Сергей_img.tif | F85: 1 | G85: 2 | I85: н84 | K85: Punky Monkey | AB85: Не облагается | AM85: 16 | AN85: 180 | AO85: 1 | AP85: 250 | AQ85: 4_имена
A86: Термобирки Степан | B86: OZN1325163507 | C86: Stepan | D86: =CONCATENATE("Documents\GitHub\Ozon_upload\barcode\бирки имена\мальчики\", A86, ".pdf") -> Documents\GitHub\Ozon_upload\barcode\бирки имена\мальчики\Термобирки Степан.pdf | E86: =CONCATENATE("C:\Users\maxim\Documents\GitHub\Ozon_upload\DTF_images\names\мальчики\",,RIGHT(A86,LEN(A86)-FIND(" ",A86)),"_img.tif") -> C:\Users\maxim\Documents\GitHub\Ozon_upload\DTF_images\names\мальчики\Степан_img.tif | F86: 1 | G86: 2 | I86: н85 | K86: Punky Monkey | AB86: Не облагается | AM86: 16 | AN86: 180 | AO86: 1 | AP86: 250 | AQ86: 4_имена
A87: Термобирки Данил | B87: OZN1325164077 | C87: Danil | D87: =CONCATENATE("Documents\GitHub\Ozon_upload\barcode\бирки имена\мальчики\", A87, ".pdf") -> Documents\GitHub\Ozon_upload\barcode\бирки имена\мальчики\Термобирки Данил.pdf | E87: =CONCATENATE("C:\Users\maxim\Documents\GitHub\Ozon_upload\DTF_images\names\мальчики\",,RIGHT(A87,LEN(A87)-FIND(" ",A87)),"_img.tif") -> C:\Users\maxim\Documents\GitHub\Ozon_upload\DTF_images\names\мальчики\Данил_img.tif | F87: 1 | G87: 2 | I87: н86 | K87: Punky Monkey | AB87: Не облагается | AM87: 16 | AN87: 180 | AO87: 1 | AP87: 250 | AQ87: 4_имена
A88: Термобирки Аглая | B88: OZN2366379897 | C88: Aglaya | D88: =CONCATENATE("Documents\GitHub\Ozon_upload\barcode\бирки имена\new\", A88, ".pdf") -> Documents\GitHub\Ozon_upload\barcode\бирки имена\new\Термобирки Аглая.pdf | E88: =CONCATENATE("C:\Users\maxim\Documents\GitHub\Ozon_upload\DTF_images\names\девочки\",,RIGHT(A88,LEN(A88)-FIND(" ",A88)),"_img.tif") -> C:\Users\maxim\Documents\GitHub\Ozon_upload\DTF_images\names\девочки\Аглая_img.tif | F88: 1 | G88: 2 | I88: н87 | K88: Punky Monkey | AB88: Не облагается | AM88: 16 | AN88: 180 | AO88: 1 | AP88: 250 | AQ88: 4_имена
A89: Термобирки Виолетта | B89: OZN2366379413 | C89: Violetta | D89: =CONCATENATE("Documents\GitHub\Ozon_upload\barcode\бирки имена\new\", A89, ".pdf") -> Documents\GitHub\Ozon_upload\barcode\бирки имена\new\Термобирки Виолетта.pdf | E89: =CONCATENATE("C:\Users\maxim\Documents\GitHub\Ozon_upload\DTF_images\names\девочки\",,RIGHT(A89,LEN(A89)-FIND(" ",A89)),"_img.tif") -> C:\Users\maxim\Documents\GitHub\Ozon_upload\DTF_images\names\девочки\Виолетта_img.tif | F89: 1 | G89: 2 | I89: н88 | K89: Punky Monkey | AB89: Не облагается | AM89: 16 | AN89: 180 | AO89: 1 | AP89: 250 | AQ89: 4_имена
A90: Термобирки Кристина | B90: OZN2366379589 | C90: Kristina | D90: =CONCATENATE("Documents\GitHub\Ozon_upload\barcode\бирки имена\new\", A90, ".pdf") -> Documents\GitHub\Ozon_upload\barcode\бирки имена\new\Термобирки Кристина.pdf | E90: =CONCATENATE("C:\Users\maxim\Documents\GitHub\Ozon_upload\DTF_images\names\девочки\",,RIGHT(A90,LEN(A90)-FIND(" ",A90)),"_img.tif") -> C:\Users\maxim\Documents\GitHub\Ozon_upload\DTF_images\names\девочки\Кристина_img.tif | F90: 1 | G90: 2 | I90: н89 | K90: Punky Monkey | AB90: Не облагается | AM90: 16 | AN90: 180 | AO90: 1 | AP90: 250 | AQ90: 4_имена
A91: Термобирки Марьяна | B91: OZN2366379582 | C91: Maryana | D91: =CONCATENATE("Documents\GitHub\Ozon_upload\barcode\бирки имена\new\", A91, ".pdf") -> Documents\GitHub\Ozon_upload\barcode\бирки имена\new\Термобирки Марьяна.pdf | E91: =CONCATENATE("C:\Users\maxim\Documents\GitHub\Ozon_upload\DTF_images\names\девочки\",,RIGHT(A91,LEN(A91)-FIND(" ",A91)),"_img.tif") -> C:\Users\maxim\Documents\GitHub\Ozon_upload\DTF_images\names\девочки\Марьяна_img.tif | F91: 1 | G91: 2 | I91: н90 | K91: Punky Monkey | AB91: Не облагается | AM91: 16 | AN91: 180 | AO91: 1 | AP91: 250 | AQ91: 4_имена
A92: Термобирки Маргарита | B92: OZN2366390031 | C92: Margarita | D92: =CONCATENATE("Documents\GitHub\Ozon_upload\barcode\бирки имена\new\", A92, ".pdf") -> Documents\GitHub\Ozon_upload\barcode\бирки имена\new\Термобирки Маргарита.pdf | E92: =CONCATENATE("C:\Users\maxim\Documents\GitHub\Ozon_upload\DTF_images\names\девочки\",,RIGHT(A92,LEN(A92)-FIND(" ",A92)),"_img.tif") -> C:\Users\maxim\Documents\GitHub\Ozon_upload\DTF_images\names\девочки\Маргарита_img.tif | F92: 1 | G92: 2 | I92: н91 | K92: Punky Monkey | AB92: Не облагается | AM92: 16 | AN92: 180 | AO92: 1 | AP92: 250 | AQ92: 4_имена
A93: Термобирки Ульяна | B93: OZN2366379751 | C93: Ulyana | D93: =CONCATENATE("Documents\GitHub\Ozon_upload\barcode\бирки имена\new\", A93, ".pdf") -> Documents\GitHub\Ozon_upload\barcode\бирки имена\new\Термобирки Ульяна.pdf | E93: =CONCATENATE("C:\Users\maxim\Documents\GitHub\Ozon_upload\DTF_images\names\девочки\",,RIGHT(A93,LEN(A93)-FIND(" ",A93)),"_img.tif") -> C:\Users\maxim\Documents\GitHub\Ozon_upload\DTF_images\names\девочки\Ульяна_img.tif | F93: 1 | G93: 2 | I93: н92 | K93: Punky Monkey | AB93: Не облагается | AM93: 16 | AN93: 180 | AO93: 1 | AP93: 250 | AQ93: 4_имена
A94: Термобирки Владислава | B94: OZN2366379732 | C94: Vladislava | D94: =CONCATENATE("Documents\GitHub\Ozon_upload\barcode\бирки имена\new\", A94, ".pdf") -> Documents\GitHub\Ozon_upload\barcode\бирки имена\new\Термобирки Владислава.pdf | E94: =CONCATENATE("C:\Users\maxim\Documents\GitHub\Ozon_upload\DTF_images\names\девочки\",,RIGHT(A94,LEN(A94)-FIND(" ",A94)),"_img.tif") -> C:\Users\maxim\Documents\GitHub\Ozon_upload\DTF_images\names\девочки\Владислава_img.tif | F94: 1 | G94: 2 | I94: н93 | K94: Punky Monkey | AB94: Не облагается | AM94: 16 | AN94: 180 | AO94: 1 | AP94: 250 | AQ94: 4_имена
A95: Термобирки Альбина | B95: OZN2366379560 | C95: Albina | D95: =CONCATENATE("Documents\GitHub\Ozon_upload\barcode\бирки имена\new\", A95, ".pdf") -> Documents\GitHub\Ozon_upload\barcode\бирки имена\new\Термобирки Альбина.pdf | E95: =CONCATENATE("C:\Users\maxim\Documents\GitHub\Ozon_upload\DTF_images\names\девочки\",,RIGHT(A95,LEN(A95)-FIND(" ",A95)),"_img.tif") -> C:\Users\maxim\Documents\GitHub\Ozon_upload\DTF_images\names\девочки\Альбина_img.tif | F95: 1 | G95: 2 | I95: н94 | K95: Punky Monkey | AB95: Не облагается | AM95: 16 | AN95: 180 | AO95: 1 | AP95: 250 | AQ95: 4_имена
A96: Термобирки Евгения | B96: OZN2366379688 | C96: Evgenya | D96: =CONCATENATE("Documents\GitHub\Ozon_upload\barcode\бирки имена\new\", A96, ".pdf") -> Documents\GitHub\Ozon_upload\barcode\бирки имена\new\Термобирки Евгения.pdf | E96: =CONCATENATE("C:\Users\maxim\Documents\GitHub\Ozon_upload\DTF_images\names\девочки\",,RIGHT(A96,LEN(A96)-FIND(" ",A96)),"_img.tif") -> C:\Users\maxim\Documents\GitHub\Ozon_upload\DTF_images\names\девочки\Евгения_img.tif | F96: 1 | G96: 2 | I96: н95 | K96: Punky Monkey | AB96: Не облагается | AM96: 16 | AN96: 180 | AO96: 1 | AP96: 250 | AQ96: 4_имена
A97: Термобирки Вера | B97: OZN2366380729 | C97: Vera | D97: =CONCATENATE("Documents\GitHub\Ozon_upload\barcode\бирки имена\new\", A97, ".pdf") -> Documents\GitHub\Ozon_upload\barcode\бирки имена\new\Термобирки Вера.pdf | E97: =CONCATENATE("C:\Users\maxim\Documents\GitHub\Ozon_upload\DTF_images\names\девочки\",,RIGHT(A97,LEN(A97)-FIND(" ",A97)),"_img.tif") -> C:\Users\maxim\Documents\GitHub\Ozon_upload\DTF_images\names\девочки\Вера_img.tif | F97: 1 | G97: 2 | I97: н96 | K97: Punky Monkey | AB97: Не облагается | AM97: 16 | AN97: 180 | AO97: 1 | AP97: 250 | AQ97: 4_имена
A98: Термобирки Ника | B98: OZN2366379865 | C98: Nika | D98: =CONCATENATE("Documents\GitHub\Ozon_upload\barcode\бирки имена\new\", A98, ".pdf") -> Documents\GitHub\Ozon_upload\barcode\бирки имена\new\Термобирки Ника.pdf | E98: =CONCATENATE("C:\Users\maxim\Documents\GitHub\Ozon_upload\DTF_images\names\девочки\",,RIGHT(A98,LEN(A98)-FIND(" ",A98)),"_img.tif") -> C:\Users\maxim\Documents\GitHub\Ozon_upload\DTF_images\names\девочки\Ника_img.tif | F98: 1 | G98: 2 | I98: н97 | K98: Punky Monkey | AB98: Не облагается | AM98: 16 | AN98: 180 | AO98: 1 | AP98: 250 | AQ98: 4_имена
A99: Термобирки Гордей | B99: OZN2365502823 | C99: Gordey | D99: =CONCATENATE("Documents\GitHub\Ozon_upload\barcode\бирки имена\new\", A99, ".pdf") -> Documents\GitHub\Ozon_upload\barcode\бирки имена\new\Термобирки Гордей.pdf | E99: =CONCATENATE("C:\Users\maxim\Documents\GitHub\Ozon_upload\DTF_images\names\мальчики\",,RIGHT(A99,LEN(A99)-FIND(" ",A99)),"_img.tif") -> C:\Users\maxim\Documents\GitHub\Ozon_upload\DTF_images\names\мальчики\Гордей_img.tif | F99: 1 | G99: 2 | I99: н98 | K99: Punky Monkey | AB99: Не облагается | AM99: 16 | AN99: 180 | AO99: 1 | AP99: 250 | AQ99: 4_имена
A100: Термобирки Тимур | B100: OZN2365501443 | C100: Timur | D100: =CONCATENATE("Documents\GitHub\Ozon_upload\barcode\бирки имена\new\", A100, ".pdf") -> Documents\GitHub\Ozon_upload\barcode\бирки имена\new\Термобирки Тимур.pdf | E100: =CONCATENATE("C:\Users\maxim\Documents\GitHub\Ozon_upload\DTF_images\names\мальчики\",,RIGHT(A100,LEN(A100)-FIND(" ",A100)),"_img.tif") -> C:\Users\maxim\Documents\GitHub\Ozon_upload\DTF_images\names\мальчики\Тимур_img.tif | F100: 1 | G100: 2 | I100: н99 | K100: Punky Monkey | AB100: Не облагается | AM100: 16 | AN100: 180 | AO100: 1 | AP100: 250 | AQ100: 4_имена
A101: Термобирки Григорий | B101: OZN2365501184 | C101: Grigori | D101: =CONCATENATE("Documents\GitHub\Ozon_upload\barcode\бирки имена\new\", A101, ".pdf") -> Documents\GitHub\Ozon_upload\barcode\бирки имена\new\Термобирки Григорий.pdf | E101: =CONCATENATE("C:\Users\maxim\Documents\GitHub\Ozon_upload\DTF_images\names\мальчики\",,RIGHT(A101,LEN(A101)-FIND(" ",A101)),"_img.tif") -> C:\Users\maxim\Documents\GitHub\Ozon_upload\DTF_images\names\мальчики\Григорий_img.tif | F101: 1 | G101: 2 | I101: н100 | K101: Punky Monkey | AB101: Не облагается | AM101: 16 | AN101: 180 | AO101: 1 | AP101: 250 | AQ101: 4_имена
A102: Термобирки Николай | B102: OZN2365501207 | C102: Nikolay | D102: =CONCATENATE("Documents\GitHub\Ozon_upload\barcode\бирки имена\new\", A102, ".pdf") -> Documents\GitHub\Ozon_upload\barcode\бирки имена\new\Термобирки Николай.pdf | E102: =CONCATENATE("C:\Users\maxim\Documents\GitHub\Ozon_upload\DTF_images\names\мальчики\",,RIGHT(A102,LEN(A102)-FIND(" ",A102)),"_img.tif") -> C:\Users\maxim\Documents\GitHub\Ozon_upload\DTF_images\names\мальчики\Николай_img.tif | F102: 1 | G102: 2 | I102: н101 | K102: Punky Monkey | AB102: Не облагается | AM102: 16 | AN102: 180 | AO102: 1 | AP102: 250 | AQ102: 4_имена
A103: Термобирки Давид | B103: OZN2365501731 | C103: David | D103: =CONCATENATE("Documents\GitHub\Ozon_upload\barcode\бирки имена\new\", A103, ".pdf") -> Documents\GitHub\Ozon_upload\barcode\бирки имена\new\Термобирки Давид.pdf | E103: =CONCATENATE("C:\Users\maxim\Documents\GitHub\Ozon_upload\DTF_images\names\мальчики\",,RIGHT(A103,LEN(A103)-FIND(" ",A103)),"_img.tif") -> C:\Users\maxim\Documents\GitHub\Ozon_upload\DTF_images\names\мальчики\Давид_img.tif | F103: 1 | G103: 2 | I103: н102 | K103: Punky Monkey | AB103: Не облагается | AM103: 16 | AN103: 180 | AO103: 1 | AP103: 250 | AQ103: 4_имена
A104: Термобирки Влад | B104: OZN2365502926 | C104: Vlad | D104: =CONCATENATE("Documents\GitHub\Ozon_upload\barcode\бирки имена\new\", A104, ".pdf") -> Documents\GitHub\Ozon_upload\barcode\бирки имена\new\Термобирки Влад.pdf | E104: =CONCATENATE("C:\Users\maxim\Documents\GitHub\Ozon_upload\DTF_images\names\мальчики\",,RIGHT(A104,LEN(A104)-FIND(" ",A104)),"_img.tif") -> C:\Users\maxim\Documents\GitHub\Ozon_upload\DTF_images\names\мальчики\Влад_img.tif | F104: 1 | G104: 2 | I104: н103 | K104: Punky Monkey | AB104: Не облагается | AM104: 16 | AN104: 180 | AO104: 1 | AP104: 250 | AQ104: 4_имена
A105: Термобирки Леонид | B105: OZN2365501701 | C105: Leonid | D105: =CONCATENATE("Documents\GitHub\Ozon_upload\barcode\бирки имена\new\", A105, ".pdf") -> Documents\GitHub\Ozon_upload\barcode\бирки имена\new\Термобирки Леонид.pdf | E105: =CONCATENATE("C:\Users\maxim\Documents\GitHub\Ozon_upload\DTF_images\names\мальчики\",,RIGHT(A105,LEN(A105)-FIND(" ",A105)),"_img.tif") -> C:\Users\maxim\Documents\GitHub\Ozon_upload\DTF_images\names\мальчики\Леонид_img.tif | F105: 1 | G105: 2 | I105: н104 | K105: Punky Monkey | AB105: Не облагается | AM105: 16 | AN105: 180 | AO105: 1 | AP105: 250 | AQ105: 4_имена
A106: Термобирки Святослав | B106: OZN2365503926 | C106: Svyatoslav | D106: =CONCATENATE("Documents\GitHub\Ozon_upload\barcode\бирки имена\new\", A106, ".pdf") -> Documents\GitHub\Ozon_upload\barcode\бирки имена\new\Термобирки Святослав.pdf | E106: =CONCATENATE("C:\Users\maxim\Documents\GitHub\Ozon_upload\DTF_images\names\мальчики\",,RIGHT(A106,LEN(A106)-FIND(" ",A106)),"_img.tif") -> C:\Users\maxim\Documents\GitHub\Ozon_upload\DTF_images\names\мальчики\Святослав_img.tif | F106: 1 | G106: 2 | I106: н105 | K106: Punky Monkey | AB106: Не облагается | AM106: 16 | AN106: 180 | AO106: 1 | AP106: 250 | AQ106: 4_имена
A107: Термобирки Вениамин | B107: OZN2365503413 | C107: Veniamin | D107: =CONCATENATE("Documents\GitHub\Ozon_upload\barcode\бирки имена\new\", A107, ".pdf") -> Documents\GitHub\Ozon_upload\barcode\бирки имена\new\Термобирки Вениамин.pdf | E107: =CONCATENATE("C:\Users\maxim\Documents\GitHub\Ozon_upload\DTF_images\names\мальчики\",,RIGHT(A107,LEN(A107)-FIND(" ",A107)),"_img.tif") -> C:\Users\maxim\Documents\GitHub\Ozon_upload\DTF_images\names\мальчики\Вениамин_img.tif | F107: 1 | G107: 2 | I107: н106 | K107: Punky Monkey | AB107: Не облагается | AM107: 16 | AN107: 180 | AO107: 1 | AP107: 250 | AQ107: 4_имена
A108: Термобирки Захар | B108: OZN2365502448 | C108: Zahar | D108: =CONCATENATE("Documents\GitHub\Ozon_upload\barcode\бирки имена\new\", A108, ".pdf") -> Documents\GitHub\Ozon_upload\barcode\бирки имена\new\Термобирки Захар.pdf | E108: =CONCATENATE("C:\Users\maxim\Documents\GitHub\Ozon_upload\DTF_images\names\мальчики\",,RIGHT(A108,LEN(A108)-FIND(" ",A108)),"_img.tif") -> C:\Users\maxim\Documents\GitHub\Ozon_upload\DTF_images\names\мальчики\Захар_img.tif | F108: 1 | G108: 2 | I108: н107 | K108: Punky Monkey | AB108: Не облагается | AM108: 16 | AN108: 180 | AO108: 1 | AP108: 250 | AQ108: 4_имена
A109: Термобирки Арсений | B109: OZN2365501953 | C109: Arseni | D109: =CONCATENATE("Documents\GitHub\Ozon_upload\barcode\бирки имена\new\", A109, ".pdf") -> Documents\GitHub\Ozon_upload\barcode\бирки имена\new\Термобирки Арсений.pdf | E109: =CONCATENATE("C:\Users\maxim\Documents\GitHub\Ozon_upload\DTF_images\names\мальчики\",,RIGHT(A109,LEN(A109)-FIND(" ",A109)),"_img.tif") -> C:\Users\maxim\Documents\GitHub\Ozon_upload\DTF_images\names\мальчики\Арсений_img.tif | F109: 1 | G109: 2 | I109: н108 | K109: Punky Monkey | AB109: Не облагается | AM109: 16 | AN109: 180 | AO109: 1 | AP109: 250 | AQ109: 4_имена
A110: Термобирки Никита | B110: OZN2365501685 | C110: Nikita | D110: =CONCATENATE("Documents\GitHub\Ozon_upload\barcode\бирки имена\new\", A110, ".pdf") -> Documents\GitHub\Ozon_upload\barcode\бирки имена\new\Термобирки Никита.pdf | E110: =CONCATENATE("C:\Users\maxim\Documents\GitHub\Ozon_upload\DTF_images\names\мальчики\",,RIGHT(A110,LEN(A110)-FIND(" ",A110)),"_img.tif") -> C:\Users\maxim\Documents\GitHub\Ozon_upload\DTF_images\names\мальчики\Никита_img.tif | F110: 1 | G110: 2 | I110: н109 | K110: Punky Monkey | AB110: Не облагается | AM110: 16 | AN110: 180 | AO110: 1 | AP110: 250 | AQ110: 4_имена
... A115: Термобирки Павел | B115: OZN2365504590 | C115: Pavel | D115: =CONCATENATE("Documents\GitHub\Ozon_upload\barcode\бирки имена\new\", A115, ".pdf") -> Documents\GitHub\Ozon_upload\barcode\бирки имена\new\Термобирки Павел.pdf | E115: =CONCATENATE("C:\Users\maxim\Documents\GitHub\Ozon_upload\DTF_images\names\мальчики\",,RIGHT(A115,LEN(A115)-FIND(" ",A115)),"_img.tif") -> C:\Users\maxim\Documents\GitHub\Ozon_upload\DTF_images\names\мальчики\Павел_img.tif | F115: 1 | G115: 2 | I115: н114 | K115: Punky Monkey | AB115: Не облагается | AM115: 16 | AN115: 180 | AO115: 1 | AP115: 250 | AQ115: 4_имена
A116: Термобирки Дисней мальчики | B116: OZN1054600320 | D116: =CONCATENATE("Documents\GitHub\Ozon_upload\barcode\punky monkey\", A116, ".pdf") -> Documents\GitHub\Ozon_upload\barcode\punky monkey\Термобирки Дисней мальчики.pdf | E116: =CONCATENATE("C:\Users\maxim\Documents\GitHub\Ozon_upload\DTF_images\birki\",A116,"_img.tif") -> C:\Users\maxim\Documents\GitHub\Ozon_upload\DTF_images\birki\Термобирки Дисней мальчики_img.tif | F116: 1 | G116: 1 | I116: г2 | K116: Punky Monkey | AM116: 16 | AN116: 180 | AO116: 1 | AP116: 250 | AQ116: 3_термобирки
A117: Термобирки Дисней девочки | B117: OZN1054576404 | D117: =CONCATENATE("Documents\GitHub\Ozon_upload\barcode\punky monkey\", A117, ".pdf") -> Documents\GitHub\Ozon_upload\barcode\punky monkey\Термобирки Дисней девочки.pdf | E117: =CONCATENATE("C:\Users\maxim\Documents\GitHub\Ozon_upload\DTF_images\birki\",A117,"_img.tif") -> C:\Users\maxim\Documents\GitHub\Ozon_upload\DTF_images\birki\Термобирки Дисней девочки_img.tif | F117: 1 | G117: 1 | I117: г4 | K117: Punky Monkey | AM117: 16 | AN117: 180 | AO117: 1 | AP117: 250 | AQ117: 3_термобирки
A118: Термобирки Спанч боб, Соник ежик | B118: OZN1054572723 | D118: =CONCATENATE("Documents\GitHub\Ozon_upload\barcode\punky monkey\", A118, ".pdf") -> Documents\GitHub\Ozon_upload\barcode\punky monkey\Термобирки Спанч боб, Соник ежик.pdf | E118: =CONCATENATE("C:\Users\maxim\Documents\GitHub\Ozon_upload\DTF_images\birki\",A118,"_img.tif") -> C:\Users\maxim\Documents\GitHub\Ozon_upload\DTF_images\birki\Термобирки Спанч боб, Соник ежик_img.tif | F118: 1 | G118: 1 | I118: г9 | K118: Punky Monkey | AM118: 16 | AN118: 180 | AO118: 1 | AP118: 250 | AQ118: 3_термобирки
A119: Термобирки Котята | B119: OZN1158935807 | D119: =CONCATENATE("Documents\GitHub\Ozon_upload\barcode\punky monkey\", A119, ".pdf") -> Documents\GitHub\Ozon_upload\barcode\punky monkey\Термобирки Котята.pdf | E119: =CONCATENATE("C:\Users\maxim\Documents\GitHub\Ozon_upload\DTF_images\birki\",A119,"_img.tif") -> C:\Users\maxim\Documents\GitHub\Ozon_upload\DTF_images\birki\Термобирки Котята_img.tif | F119: 1 | G119: 1 | I119: г14 | K119: Punky Monkey | AM119: 16 | AN119: 180 | AO119: 1 | AP119: 250 | AQ119: 3_термобирки
A120: Термобирки Человек-Паук | B120: OZN1214578624 | D120: =CONCATENATE("Documents\GitHub\Ozon_upload\barcode\punky monkey\", A120, ".pdf") -> Documents\GitHub\Ozon_upload\barcode\punky monkey\Термобирки Человек-Паук.pdf | E120: =CONCATENATE("C:\Users\maxim\Documents\GitHub\Ozon_upload\DTF_images\birki\",A120,"_img.tif") -> C:\Users\maxim\Documents\GitHub\Ozon_upload\DTF_images\birki\Термобирки Человек-Паук_img.tif | F120: 1 | G120: 1 | I120: г6 | K120: Punky Monkey | AM120: 16 | AN120: 180 | AO120: 1 | AP120: 250 | AQ120: 3_термобирки
A121: Термобирки Щенячий патруль | B121: OZN1214740252 | D121: =CONCATENATE("Documents\GitHub\Ozon_upload\barcode\punky monkey\", A121, ".pdf") -> Documents\GitHub\Ozon_upload\barcode\punky monkey\Термобирки Щенячий патруль.pdf | E121: =CONCATENATE("C:\Users\maxim\Documents\GitHub\Ozon_upload\DTF_images\birki\",A121,"_img.tif") -> C:\Users\maxim\Documents\GitHub\Ozon_upload\DTF_images\birki\Термобирки Щенячий патруль_img.tif | F121: 1 | G121: 1 | I121: г15 | K121: Punky Monkey | AM121: 16 | AN121: 180 | AO121: 1 | AP121: 250 | AQ121: 3_термобирки
A122: Термобирки Майнкрафт | B122: OZN1214823094 | D122: =CONCATENATE("Documents\GitHub\Ozon_upload\barcode\punky monkey\", A122, ".pdf") -> Documents\GitHub\Ozon_upload\barcode\punky monkey\Термобирки Майнкрафт.pdf | E122: =CONCATENATE("C:\Users\maxim\Documents\GitHub\Ozon_upload\DTF_images\birki\",A122,"_img.tif") -> C:\Users\maxim\Documents\GitHub\Ozon_upload\DTF_images\birki\Термобирки Майнкрафт_img.tif | F122: 1 | G122: 1 | I122: г5 | K122: Punky Monkey | AM122: 16 | AN122: 180 | AO122: 1 | AP122: 250 | AQ122: 3_термобирки
A123: Термобирки белые 30шт | B123: OZN1215540233 | C123: termoprints_white_a5 | D123: =CONCATENATE("Documents\GitHub\Ozon_upload\barcode\punky monkey\", A123, ".pdf") -> Documents\GitHub\Ozon_upload\barcode\punky monkey\Термобирки белые 30шт.pdf | E123: =CONCATENATE("C:\Users\maxim\Documents\GitHub\Ozon_upload\DTF_images\birki\",C123,".tif") -> C:\Users\maxim\Documents\GitHub\Ozon_upload\DTF_images\birki\termoprints_white_a5.tif | F123: 1 | G123: 2 | I123: г1 | K123: Punky Monkey | AM123: 16 | AN123: 180 | AO123: 1 | AP123: 250 | AQ123: 3_термобирки
A124: Термобирки Хаги Ваги | B124: OZN1235284831 | D124: =CONCATENATE("Documents\GitHub\Ozon_upload\barcode\punky monkey\", A124, ".pdf") -> Documents\GitHub\Ozon_upload\barcode\punky monkey\Термобирки Хаги Ваги.pdf | E124: =CONCATENATE("C:\Users\maxim\Documents\GitHub\Ozon_upload\DTF_images\birki\",A124,"_img.tif") -> C:\Users\maxim\Documents\GitHub\Ozon_upload\DTF_images\birki\Термобирки Хаги Ваги_img.tif | F124: 1 | G124: 1 | I124: г10 | K124: Punky Monkey | AM124: 16 | AN124: 180 | AO124: 1 | AP124: 250 | AQ124: 3_термобирки
A125: Термобирки Транспорт | B125: OZN1235362594 | D125: =CONCATENATE("Documents\GitHub\Ozon_upload\barcode\punky monkey\", A125, ".pdf") -> Documents\GitHub\Ozon_upload\barcode\punky monkey\Термобирки Транспорт.pdf | E125: =CONCATENATE("C:\Users\maxim\Documents\GitHub\Ozon_upload\DTF_images\birki\",A125,"_img.tif") -> C:\Users\maxim\Documents\GitHub\Ozon_upload\DTF_images\birki\Термобирки Транспорт_img.tif | F125: 1 | G125: 1 | I125: г3 | K125: Punky Monkey | AM125: 16 | AN125: 180 | AO125: 1 | AP125: 250 | AQ125: 3_термобирки
A126: Термобирки Единороги | B126: OZN1244859383 | D126: =CONCATENATE("Documents\GitHub\Ozon_upload\barcode\punky monkey\", A126, ".pdf") -> Documents\GitHub\Ozon_upload\barcode\punky monkey\Термобирки Единороги.pdf | E126: =CONCATENATE("C:\Users\maxim\Documents\GitHub\Ozon_upload\DTF_images\birki\",A126,"_img.tif") -> C:\Users\maxim\Documents\GitHub\Ozon_upload\DTF_images\birki\Термобирки Единороги_img.tif | F126: 1 | G126: 1 | I126: г12 | K126: Punky Monkey | AM126: 16 | AN126: 180 | AO126: 1 | AP126: 250 | AQ126: 3_термобирки
A127: Термобирки Пиксар Дисней | B127: OZN1244873167 | D127: =CONCATENATE("Documents\GitHub\Ozon_upload\barcode\punky monkey\", A127, ".pdf") -> Documents\GitHub\Ozon_upload\barcode\punky monkey\Термобирки Пиксар Дисней.pdf | E127: =CONCATENATE("C:\Users\maxim\Documents\GitHub\Ozon_upload\DTF_images\birki\",A127,"_img.tif") -> C:\Users\maxim\Documents\GitHub\Ozon_upload\DTF_images\birki\Термобирки Пиксар Дисней_img.tif | F127: 1 | G127: 1 | I127: г8 | K127: Punky Monkey | AM127: 16 | AN127: 180 | AO127: 1 | AP127: 250 | AQ127: 3_термобирки
A128: Термобирки Гарри Поттер | B128: OZN1244897302 | D128: =CONCATENATE("Documents\GitHub\Ozon_upload\barcode\punky monkey\", A128, ".pdf") -> Documents\GitHub\Ozon_upload\barcode\punky monkey\Термобирки Гарри Поттер.pdf | E128: =CONCATENATE("C:\Users\maxim\Documents\GitHub\Ozon_upload\DTF_images\birki\",A128,"_img.tif") -> C:\Users\maxim\Documents\GitHub\Ozon_upload\DTF_images\birki\Термобирки Гарри Поттер_img.tif | F128: 1 | G128: 1 | I128: г11 | K128: Punky Monkey | AM128: 16 | AN128: 180 | AO128: 1 | AP128: 250 | AQ128: 3_термобирки
A129: Термобирки белые рамка 30шт | B129: OZN1244912967 | D129: =CONCATENATE("Documents\GitHub\Ozon_upload\barcode\punky monkey\", A129, ".pdf") -> Documents\GitHub\Ozon_upload\barcode\punky monkey\Термобирки белые рамка 30шт.pdf | E129: =CONCATENATE("C:\Users\maxim\Documents\GitHub\Ozon_upload\DTF_images\birki\",A129,"_img.tif") -> C:\Users\maxim\Documents\GitHub\Ozon_upload\DTF_images\birki\Термобирки белые рамка 30шт_img.tif | F129: 1 | G129: 1 | I129: г16 | K129: Punky Monkey | AM129: 16 | AN129: 180 | AO129: 1 | AP129: 250 | AQ129: 3_термобирки
A130: Термобирки Леди Баг | B130: OZN1275573417 | D130: =CONCATENATE("Documents\GitHub\Ozon_upload\barcode\punky monkey\", A130, ".pdf") -> Documents\GitHub\Ozon_upload\barcode\punky monkey\Термобирки Леди Баг.pdf | E130: =CONCATENATE("C:\Users\maxim\Documents\GitHub\Ozon_upload\DTF_images\birki\",A130,"_img.tif") -> C:\Users\maxim\Documents\GitHub\Ozon_upload\DTF_images\birki\Термобирки Леди Баг_img.tif | F130: 1 | G130: 1 | I130: г7 | K130: Punky Monkey | AM130: 16 | AN130: 180 | AO130: 1 | AP130: 250 | AQ130: 3_термобирки
A131: Термонаклейка Фея | B131: OZN1335436121 | D131: =CONCATENATE("Documents\GitHub\Ozon_upload\barcode\punky monkey\", A131, ".pdf") -> Documents\GitHub\Ozon_upload\barcode\punky monkey\Термонаклейка Фея.pdf | E131: =CONCATENATE("C:\Users\maxim\Documents\GitHub\Ozon_upload\DTF_images\max\dtf_a5\",A131,"_img.tif") -> C:\Users\maxim\Documents\GitHub\Ozon_upload\DTF_images\max\dtf_a5\Термонаклейка Фея_img.tif | F131: 1 | G131: 2 | I131: м15 | K131: Punky Monkey | AM131: 16 | AN131: 180 | AO131: 1 | AP131: 250 | AQ131: 2_а5
A132: Термонаклейка Котята. Кот в ванной | B132: OZN1336883090 | D132: =CONCATENATE("Documents\GitHub\Ozon_upload\barcode\punky monkey\", A132, ".pdf") -> Documents\GitHub\Ozon_upload\barcode\punky monkey\Термонаклейка Котята. Кот в ванной.pdf | E132: =CONCATENATE("C:\Users\maxim\Documents\GitHub\Ozon_upload\DTF_images\max\dtf_a5\",A132,"_img.tif") -> C:\Users\maxim\Documents\GitHub\Ozon_upload\DTF_images\max\dtf_a5\Термонаклейка Котята. Кот в ванной_img.tif | F132: 1 | G132: 2 | I132: м28 | K132: Punky Monkey | AM132: 16 | AN132: 180 | AO132: 1 | AP132: 250 | AQ132: 2_а5
A133: Термонаклейка Котята. День рождения | B133: OZN1336886951 | D133: =CONCATENATE("Documents\GitHub\Ozon_upload\barcode\punky monkey\", A133, ".pdf") -> Documents\GitHub\Ozon_upload\barcode\punky monkey\Термонаклейка Котята. День рождения.pdf | E133: =CONCATENATE("C:\Users\maxim\Documents\GitHub\Ozon_upload\DTF_images\max\dtf_a5\",A133,"_img.tif") -> C:\Users\maxim\Documents\GitHub\Ozon_upload\DTF_images\max\dtf_a5\Термонаклейка Котята. День рождения_img.tif | F133: 1 | G133: 2 | I133: м29 | K133: Punky Monkey | AM133: 16 | AN133: 180 | AO133: 1 | AP133: 250 | AQ133: 2_а5
A134: Термонаклейка Котята. Кот с пиццей | B134: OZN1336985571 | D134: =CONCATENATE("Documents\GitHub\Ozon_upload\barcode\punky monkey\", A134, ".pdf") -> Documents\GitHub\Ozon_upload\barcode\punky monkey\Термонаклейка Котята. Кот с пиццей.pdf | E134: =CONCATENATE("C:\Users\maxim\Documents\GitHub\Ozon_upload\DTF_images\max\dtf_a5\",A134,"_img.tif") -> C:\Users\maxim\Documents\GitHub\Ozon_upload\DTF_images\max\dtf_a5\Термонаклейка Котята. Кот с пиццей_img.tif | F134: 1 | G134: 2 | I134: м32 | K134: Punky Monkey | AM134: 16 | AN134: 180 | AO134: 1 | AP134: 250 | AQ134: 2_а5
A135: Термонаклейка Девочки | B135: OZN1336986276 | D135: =CONCATENATE("Documents\GitHub\Ozon_upload\barcode\punky monkey\", A135, ".pdf") -> Documents\GitHub\Ozon_upload\barcode\punky monkey\Термонаклейка Девочки.pdf | E135: =CONCATENATE("C:\Users\maxim\Documents\GitHub\Ozon_upload\DTF_images\max\dtf_a5\",A135,"_img.tif") -> C:\Users\maxim\Documents\GitHub\Ozon_upload\DTF_images\max\dtf_a5\Термонаклейка Девочки_img.tif | F135: 1 | G135: 2 | I135: м18 | K135: Punky Monkey | AM135: 16 | AN135: 180 | AO135: 1 | AP135: 250 | AQ135: 2_а5
A136: Термонаклейка Ежик праздник | B136: OZN1336986150 | D136: =CONCATENATE("Documents\GitHub\Ozon_upload\barcode\punky monkey\", A136, ".pdf") -> Documents\GitHub\Ozon_upload\barcode\punky monkey\Термонаклейка Ежик праздник.pdf | E136: =CONCATENATE("C:\Users\maxim\Documents\GitHub\Ozon_upload\DTF_images\max\dtf_a5\",A136,"_img.tif") -> C:\Users\maxim\Documents\GitHub\Ozon_upload\DTF_images\max\dtf_a5\Термонаклейка Ежик праздник_img.tif | F136: 1 | G136: 2 | I136: м11 | K136: Punky Monkey | AM136: 16 | AN136: 180 | AO136: 1 | AP136: 250 | AQ136: 2_а5
A137: Термонаклейка Кот единорог | B137: OZN1336985761 | D137: =CONCATENATE("Documents\GitHub\Ozon_upload\barcode\punky monkey\", A137, ".pdf") -> Documents\GitHub\Ozon_upload\barcode\punky monkey\Термонаклейка Кот единорог.pdf | E137: =CONCATENATE("C:\Users\maxim\Documents\GitHub\Ozon_upload\DTF_images\max\dtf_a5\",A137,"_img.tif") -> C:\Users\maxim\Documents\GitHub\Ozon_upload\DTF_images\max\dtf_a5\Термонаклейка Кот единорог_img.tif | F137: 1 | G137: 2 | I137: м70 | K137: Punky Monkey | AM137: 16 | AN137: 180 | AO137: 1 | AP137: 250 | AQ137: 2_а5
A138: Термонаклейка Динозавры | B138: OZN1336985573 | D138: =CONCATENATE("Documents\GitHub\Ozon_upload\barcode\punky monkey\", A138, ".pdf") -> Documents\GitHub\Ozon_upload\barcode\punky monkey\Термонаклейка Динозавры.pdf | E138: =CONCATENATE("C:\Users\maxim\Documents\GitHub\Ozon_upload\DTF_images\max\dtf_a5\",A138,"_img.tif") -> C:\Users\maxim\Documents\GitHub\Ozon_upload\DTF_images\max\dtf_a5\Термонаклейка Динозавры_img.tif | F138: 0 | G138: 2 | I138: м20 | K138: Punky Monkey | AM138: 16 | AN138: 180 | AO138: 1 | AP138: 250 | AQ138: 2_а5
A139: Термонаклейка Зайчики | B139: OZN1336986004 | D139: =CONCATENATE("Documents\GitHub\Ozon_upload\barcode\punky monkey\", A139, ".pdf") -> Documents\GitHub\Ozon_upload\barcode\punky monkey\Термонаклейка Зайчики.pdf | E139: =CONCATENATE("C:\Users\maxim\Documents\GitHub\Ozon_upload\DTF_images\max\dtf_a5\",A139,"_img.tif") -> C:\Users\maxim\Documents\GitHub\Ozon_upload\DTF_images\max\dtf_a5\Термонаклейка Зайчики_img.tif | F139: 1 | G139: 2 | I139: м9 | K139: Punky Monkey | AM139: 16 | AN139: 180 | AO139: 1 | AP139: 250 | AQ139: 2_а5
A140: Термонаклейка Мишка с сердечками | B140: OZN1336985639 | D140: =CONCATENATE("Documents\GitHub\Ozon_upload\barcode\punky monkey\", A140, ".pdf") -> Documents\GitHub\Ozon_upload\barcode\punky monkey\Термонаклейка Мишка с сердечками.pdf | E140: =CONCATENATE("C:\Users\maxim\Documents\GitHub\Ozon_upload\DTF_images\max\dtf_a5\",A140,"_img.tif") -> C:\Users\maxim\Documents\GitHub\Ozon_upload\DTF_images\max\dtf_a5\Термонаклейка Мишка с сердечками_img.tif | F140: 1 | G140: 2 | I140: м69 | K140: Punky Monkey | AM140: 16 | AN140: 180 | AO140: 1 | AP140: 250 | AQ140: 2_а5
A141: Термонаклейка Собачки | B141: OZN1336985689 | D141: =CONCATENATE("Documents\GitHub\Ozon_upload\barcode\punky monkey\", A141, ".pdf") -> Documents\GitHub\Ozon_upload\barcode\punky monkey\Термонаклейка Собачки.pdf | E141: =CONCATENATE("C:\Users\maxim\Documents\GitHub\Ozon_upload\DTF_images\max\dtf_a5\",A141,"_img.tif") -> C:\Users\maxim\Documents\GitHub\Ozon_upload\DTF_images\max\dtf_a5\Термонаклейка Собачки_img.tif | F141: 1 | G141: 2 | I141: м46 | K141: Punky Monkey | AM141: 16 | AN141: 180 | AO141: 1 | AP141: 250 | AQ141: 2_а5
A142: Термонаклейка Единорог и балерина | B142: OZN1336986278 | D142: =CONCATENATE("Documents\GitHub\Ozon_upload\barcode\punky monkey\", A142, ".pdf") -> Documents\GitHub\Ozon_upload\barcode\punky monkey\Термонаклейка Единорог и балерина.pdf | E142: =CONCATENATE("C:\Users\maxim\Documents\GitHub\Ozon_upload\DTF_images\max\dtf_a5\",A142,"_img.tif") -> C:\Users\maxim\Documents\GitHub\Ozon_upload\DTF_images\max\dtf_a5\Термонаклейка Единорог и балерина_img.tif | F142: 1 | G142: 2 | I142: м5 | K142: Punky Monkey | AM142: 16 | AN142: 180 | AO142: 1 | AP142: 250 | AQ142: 2_а5
... A146: Термонаклейка Мишка пилот | B146: OZN1336985420 | D146: =CONCATENATE("Documents\GitHub\Ozon_upload\barcode\punky monkey\", A146, ".pdf") -> Documents\GitHub\Ozon_upload\barcode\punky monkey\Термонаклейка Мишка пилот.pdf | E146: =CONCATENATE("C:\Users\maxim\Documents\GitHub\Ozon_upload\DTF_images\max\dtf_a5\",A146,"_img.tif") -> C:\Users\maxim\Documents\GitHub\Ozon_upload\DTF_images\max\dtf_a5\Термонаклейка Мишка пилот_img.tif | F146: 1 | G146: 2 | I146: м10 | K146: Punky Monkey | AM146: 16 | AN146: 180 | AO146: 1 | AP146: 250 | AQ146: 2_а5
A147: Термонаклейка Минни Маус улыбка | B147: OZN1336986360 | C147: minni_mouse_smile | D147: =CONCATENATE("Documents\GitHub\Ozon_upload\barcode\punky monkey\", A147, ".pdf") -> Documents\GitHub\Ozon_upload\barcode\punky monkey\Термонаклейка Минни Маус улыбка.pdf | E147: =CONCATENATE("C:\Users\maxim\Documents\GitHub\Ozon_upload\DTF_images\max\dtf_a5\",A147,"_img.tif") -> C:\Users\maxim\Documents\GitHub\Ozon_upload\DTF_images\max\dtf_a5\Термонаклейка Минни Маус улыбка_img.tif | F147: 0 | G147: 2 | I147: м1 | K147: Punky Monkey | AM147: 16 | AN147: 180 | AO147: 1 | AP147: 250 | AQ147: 2_а5
A148: Термонаклейка Крокодил серфинг | B148: OZN1336985658 | D148: =CONCATENATE("Documents\GitHub\Ozon_upload\barcode\punky monkey\", A148, ".pdf") -> Documents\GitHub\Ozon_upload\barcode\punky monkey\Термонаклейка Крокодил серфинг.pdf | E148: =CONCATENATE("C:\Users\maxim\Documents\GitHub\Ozon_upload\DTF_images\max\dtf_a5\",A148,"_img.tif") -> C:\Users\maxim\Documents\GitHub\Ozon_upload\DTF_images\max\dtf_a5\Термонаклейка Крокодил серфинг_img.tif | F148: 1 | G148: 2 | I148: м35 | K148: Punky Monkey | AM148: 16 | AN148: 180 | AO148: 1 | AP148: 250 | AQ148: 2_а5
A149: Термонаклейка Котята. Кот в кружке | B149: OZN1336986476 | D149: =CONCATENATE("Documents\GitHub\Ozon_upload\barcode\punky monkey\", A149, ".pdf") -> Documents\GitHub\Ozon_upload\barcode\punky monkey\Термонаклейка Котята. Кот в кружке.pdf | E149: =CONCATENATE("C:\Users\maxim\Documents\GitHub\Ozon_upload\DTF_images\max\dtf_a5\",A149,"_img.tif") -> C:\Users\maxim\Documents\GitHub\Ozon_upload\DTF_images\max\dtf_a5\Термонаклейка Котята. Кот в кружке_img.tif | F149: 1 | G149: 2 | I149: м58 | K149: Punky Monkey | AM149: 16 | AN149: 180 | AO149: 1 | AP149: 250 | AQ149: 2_а5
A150: Термонаклейка Минни Маус Единорог | B150: OZN1336986435 | D150: =CONCATENATE("Documents\GitHub\Ozon_upload\barcode\punky monkey\", A150, ".pdf") -> Documents\GitHub\Ozon_upload\barcode\punky monkey\Термонаклейка Минни Маус Единорог.pdf | E150: =CONCATENATE("C:\Users\maxim\Documents\GitHub\Ozon_upload\DTF_images\max\dtf_a5\",A150,"_img.tif") -> C:\Users\maxim\Documents\GitHub\Ozon_upload\DTF_images\max\dtf_a5\Термонаклейка Минни Маус Единорог_img.tif | F150: 0 | G150: 2 | I150: м49 | K150: Punky Monkey | AM150: 16 | AN150: 180 | AO150: 1 | AP150: 250 | AQ150: 2_а5
A151: Термонаклейка Минни Маус Набор | B151: OZN1336986249 | D151: =CONCATENATE("Documents\GitHub\Ozon_upload\barcode\punky monkey\", A151, ".pdf") -> Documents\GitHub\Ozon_upload\barcode\punky monkey\Термонаклейка Минни Маус Набор.pdf | E151: =CONCATENATE("C:\Users\maxim\Documents\GitHub\Ozon_upload\DTF_images\max\dtf_a5\",A151,"_img.tif") -> C:\Users\maxim\Documents\GitHub\Ozon_upload\DTF_images\max\dtf_a5\Термонаклейка Минни Маус Набор_img.tif | F151: 0 | G151: 2 | I151: м39 | K151: Punky Monkey | AM151: 16 | AN151: 180 | AO151: 1 | AP151: 250 | AQ151: 2_а5
A152: Термонаклейка Крокодил футбол | B152: OZN1336986298 | D152: =CONCATENATE("Documents\GitHub\Ozon_upload\barcode\punky monkey\", A152, ".pdf") -> Documents\GitHub\Ozon_upload\barcode\punky monkey\Термонаклейка Крокодил футбол.pdf | E152: =CONCATENATE("C:\Users\maxim\Documents\GitHub\Ozon_upload\DTF_images\max\dtf_a5\",A152,"_img.tif") -> C:\Users\maxim\Documents\GitHub\Ozon_upload\DTF_images\max\dtf_a5\Термонаклейка Крокодил футбол_img.tif | F152: 1 | G152: 2 | I152: м51 | K152: Punky Monkey | AM152: 16 | AN152: 180 | AO152: 1 | AP152: 250 | AQ152: 2_а5
A153: Термонаклейка Девушка волосы облако | B153: OZN1425245752 | C153: 1_girl_with_cloud_hair | D153: =CONCATENATE("Documents\GitHub\Ozon_upload\barcode\punky monkey\", A153, ".pdf") -> Documents\GitHub\Ozon_upload\barcode\punky monkey\Термонаклейка Девушка волосы облако.pdf | E153: =CONCATENATE("C:\work\baby prints\MainTop\tif\A4\",C153,".tif") -> C:\work\baby prints\MainTop\tif\A4\1_girl_with_cloud_hair.tif | F153: 1 | G153: 1 | I153: --- | K153: Punky Monkey | AM153: 30 | AN153: 220 | AO153: 1 | AP153: 300 | AQ153: 1_а4
A154: Термонаклейка Девушка очки с краской розовой | B154: OZN1425243566 | C154: 2_girl_pink_glasses | D154: =CONCATENATE("Documents\GitHub\Ozon_upload\barcode\punky monkey\", A154, ".pdf") -> Documents\GitHub\Ozon_upload\barcode\punky monkey\Термонаклейка Девушка очки с краской розовой.pdf | E154: =CONCATENATE("C:\Users\maxim\Documents\GitHub\Ozon_upload\DTF_images\max\A4\",C154,".tif") -> C:\Users\maxim\Documents\GitHub\Ozon_upload\DTF_images\max\A4\2_girl_pink_glasses.tif | F154: 1 | G154: 1 | I154: а7 | K154: Punky Monkey | AM154: 30 | AN154: 220 | AO154: 1 | AP154: 300 | AQ154: 6_а4_настройки_60
A155: Термонаклейка Мэрилин Монро поп арт вырезки | B155: OZN1425250627 | C155: 3_merlin_monroe_popart | D155: =CONCATENATE("Documents\GitHub\Ozon_upload\barcode\punky monkey\", A155, ".pdf") -> Documents\GitHub\Ozon_upload\barcode\punky monkey\Термонаклейка Мэрилин Монро поп арт вырезки.pdf | E155: =CONCATENATE("C:\Users\maxim\Documents\GitHub\Ozon_upload\DTF_images\max\A4\",C155,".tif") -> C:\Users\maxim\Documents\GitHub\Ozon_upload\DTF_images\max\A4\3_merlin_monroe_popart.tif | F155: 1 | G155: 1 | I155: а17 | K155: Punky Monkey | AM155: 30 | AN155: 220 | AO155: 1 | AP155: 300 | AQ155: 1_а4
A156: Термонаклейка Африканская Девушка черный силуэт | B156: OZN1425250669 | C156: 4_blackgirl1_250 | D156: =CONCATENATE("Documents\GitHub\Ozon_upload\barcode\punky monkey\", A156, ".pdf") -> Documents\GitHub\Ozon_upload\barcode\punky monkey\Термонаклейка Африканская Девушка черный силуэт.pdf | E156: =CONCATENATE("C:\Users\maxim\Documents\GitHub\Ozon_upload\DTF_images\max\A4\",C156,".tif") -> C:\Users\maxim\Documents\GitHub\Ozon_upload\DTF_images\max\A4\4_blackgirl1_250.tif | F156: 1 | G156: 1 | I156: а20 | K156: Punky Monkey | AM156: 30 | AN156: 220 | AO156: 1 | AP156: 300 | AQ156: 1_а4
A157: Термонаклейка Кот Шанель Chanel | B157: OZN1425250687 | C157: 5_cat_channel_250 | D157: =CONCATENATE("Documents\GitHub\Ozon_upload\barcode\punky monkey\", A157, ".pdf") -> Documents\GitHub\Ozon_upload\barcode\punky monkey\Термонаклейка Кот Шанель Chanel.pdf | E157: =CONCATENATE("C:\Users\maxim\Documents\GitHub\Ozon_upload\DTF_images\max\A4\",C157,".tif") -> C:\Users\maxim\Documents\GitHub\Ozon_upload\DTF_images\max\A4\5_cat_channel_250.tif | F157: 1 | G157: 1 | I157: а27 | K157: Punky Monkey | AM157: 30 | AN157: 220 | AO157: 1 | AP157: 300 | AQ157: 1_а4
A158: Термонаклейка Кот выглядывает радуга | B158: OZN1425250595 | C158: 6_cat_face_250 | D158: =CONCATENATE("Documents\GitHub\Ozon_upload\barcode\punky monkey\", A158, ".pdf") -> Documents\GitHub\Ozon_upload\barcode\punky monkey\Термонаклейка Кот выглядывает радуга.pdf | E158: =CONCATENATE("C:\Users\maxim\Documents\GitHub\Ozon_upload\DTF_images\max\A4\",C158,".tif") -> C:\Users\maxim\Documents\GitHub\Ozon_upload\DTF_images\max\A4\6_cat_face_250.tif | F158: 1 | G158: 1 | I158: --- | K158: Punky Monkey | AM158: 30 | AN158: 220 | AO158: 1 | AP158: 300 | AQ158: 1_а4
A159: Термонаклейка Кот картина Ван Гог | B159: OZN1425250644 | C159: 7_cat250 | D159: =CONCATENATE("Documents\GitHub\Ozon_upload\barcode\punky monkey\", A159, ".pdf") -> Documents\GitHub\Ozon_upload\barcode\punky monkey\Термонаклейка Кот картина Ван Гог.pdf | E159: =CONCATENATE("C:\Users\maxim\Documents\GitHub\Ozon_upload\DTF_images\max\A4\",C159,".tif") -> C:\Users\maxim\Documents\GitHub\Ozon_upload\DTF_images\max\A4\7_cat250.tif | F159: 1 | G159: 1 | I159: а16 | K159: Punky Monkey | AM159: 30 | AN159: 220 | AO159: 1 | AP159: 300 | AQ159: 1_а4
A160: Термонаклейка мультяшный Кот картина Ван Гог | B160: OZN1425250751 | C160: 8_cat250_1 | D160: =CONCATENATE("Documents\GitHub\Ozon_upload\barcode\punky monkey\", A160, ".pdf") -> Documents\GitHub\Ozon_upload\barcode\punky monkey\Термонаклейка мультяшный Кот картина Ван Гог.pdf | E160: =CONCATENATE("C:\Users\maxim\Documents\GitHub\Ozon_upload\DTF_images\max\A4\",C160,".tif") -> C:\Users\maxim\Documents\GitHub\Ozon_upload\DTF_images\max\A4\8_cat250_1.tif | F160: 1 | G160: 1 | I160: а4 | K160: Punky Monkey | AM160: 30 | AN160: 220 | AO160: 1 | AP160: 300 | AQ160: 1_а4
...

Sheet номер
A1: 1
A2: =A1+1 -> 2
A3: =A2+1 -> 3
A4: =A3+1 -> 4
A5: =A4+1 -> 5
A6: =A5+1 -> 6
A7: =A6+1 -> 7
A8: =A7+1 -> 8
A9: =A8+1 -> 9
A10: =A9+1 -> 10
A11: =A10+1 -> 11
A12: =A11+1 -> 12
A13: =A12+1 -> 13
... A654: =A653+1 -> 654

Sheet Sheet2
A2: Термонаклейка Девушка волосы облако Тест
A3: Термобирки Михаил | B3: имена
A4: Термобирки Александр | B4: имена
A5: Термобирки Максим | B5: имена
A6: Термобирки Артем | B6: имена
A7: Термобирки Марк | B7: имена
A8: Термобирки Лев | B8: имена
A9: Термобирки Иван | B9: имена
A10: Термобирки Матвей | B10: имена
A11: Термобирки Даниил | B11: имена
A12: Термобирки Дмитрий | B12: имена
A13: Термобирки Тимофей | B13: имена
A14: Термобирки Роман | B14: имена
... A241: Термонаклейка Единорог корона и надпись внизу | B241: а5

Sheet username
A1: maxim
A2: maxim
A3: maxim
A4: maxim
A5: maxim
A6: maxim
A7: maxim
A8: maxim
A9: maxim
A10: maxim
A11: maxim
A12: maxim
... A1592: maxim

Sheet username2
A1: maxim | B1: maxim
A2: maxim | B2: maxim
A3: maxim | B3: maxim
A4: maxim | B4: maxim
A5: maxim | B5: maxim
A6: maxim | B6: maxim
A7: maxim | B7: maxim
A8: maxim | B8: maxim
A9: maxim | B9: maxim
A10: maxim | B10: maxim
A11: maxim | B11: maxim
A12: maxim | B12: maxim
... A629: maxim | B629: maxim
