Workbook

Sheet total
C1: 100 шт | D1: 10ml/m2 | E1: 60m2 рулон | F1: ml | G1: наши рачеты на 1 рулон уходит | H1: шт
A2: k | B2: =(Лист1!B2+Лист2!B2+Лист3!B2+Лист4!B2+Лист5!B2)/5 -> 0.03656 | C2: =ROUND(B2*100,0) -> 4 | D2: 10 | E2: 60 | F2: =D2*E2 -> 600 | G2: =G6*B2 -> 91.4 | H2: =ROUND(G2/1000,2) -> 0.09
A3: c | B3: =(Лист1!B3+Лист2!B3+Лист3!B3+Лист4!B3+Лист5!B3)/5 -> 0.03676 | C3: =ROUND(B3*100,0) -> 4 | G3: =G6*B3 -> 91.9 | H3: =ROUND(G3/1000,2) -> 0.09
A4: m | B4: =(Лист1!B4+Лист2!B4+Лист3!B4+Лист4!B4+Лист5!B4)/5 -> 0.07484 | C4: =ROUND(B4*100,0) -> 7 | G4: =G6*B4 -> 187.1 | H4: =ROUND(G4/1000,2) -> 0.19
A5: y | B5: =(Лист1!B5+Лист2!B5+Лист3!B5+Лист4!B5+Лист5!B5)/5 -> 0.09432 | C5: =ROUND(B5*100,0) -> 9 | G5: =G6*B5 -> 235.8 | H5: =ROUND(G5/1000,2) -> 0.24
A6: w | B6: =(Лист1!B6+Лист2!B6+Лист3!B6+Лист4!B6+Лист5!B6)/5 -> 0.75716 | C6: =ROUND(B6*100,0) -> 76 | G6: =2500 -> 2500 | H6: =ROUND(G6/1000,2) -> 2.5
A7: powder | H7: 4
A8: film | H8: 1
A9: clean solution | H9: 0.25
A10: скотч металл | H10: 0.25

Sheet Лист1
A2: k | B2: 0.0233
A3: c | B3: 0.0254
A4: m | B4: 0.0674
A5: y | B5: 0.1212
A6: w | B6: 0.7627
B7: =SUM(B2:B6) -> 1

Sheet Лист2
A2: k | B2: 0.0403
A3: c | B3: 0.0348
A4: m | B4: 0.0676
A5: y | B5: 0.1215
A6: w | B6: 0.7355
B7: =SUM(B2:B6) -> 0.9997

Sheet Лист3
A2: k | B2: 0.0294
A3: c | B3: 0.0417
A4: m | B4: 0.0748
A5: y | B5: 0.0845
A6: w | B6: 0.7698
B7: =SUM(B2:B6) -> 1.0002

Sheet Лист4
A2: k | B2: 0.046
A3: c | B3: 0.045
A4: m | B4: 0.0868
A5: y | B5: 0.07
A6: w | B6: 0.75
B7: =SUM(B2:B6) -> 0.9978

Sheet Лист5
A2: k | B2: 0.0438
A3: c | B3: 0.0369
A4: m | B4: 0.0776
A5: y | B5: 0.0744
A6: w | B6: 0.7678
B7: =SUM(B2:B6) -> 1.0005

Sheet остатки 12.05.2026
B1: остатки | C1: расход | D1: в пути | E1: остатки итого | F1: спрос в мес | G1: количество расхода в месяц | H1: купить на X месяцев | I1: итого
A2: k | B2: 4 | C2: =total!H2 -> 0.09 | D2: 1 | E2: =B2+D2 -> 5 | F2: 30000 | G2: =ROUNDUP(C2*F2/1000,0) -> 3 | H2: 4 | I2: =G2*H2-E2 -> 7
A3: c | B3: 5 | C3: =total!H3 -> 0.09 | D3: 1 | E3: =B3+D3 -> 6 | F3: 30000 | G3: =ROUNDUP(C3*F3/1000,0) -> 3 | H3: 4 | I3: =G3*H3-E3 -> 6
A4: m | B4: 9 | C4: =total!H4 -> 0.19 | E4: =B4+D4 -> 9 | F4: 30000 | G4: =ROUNDUP(C4*F4/1000,0) -> 6 | H4: 4 | I4: =G4*H4-E4 -> 15 | M4: =SUM(I2:I6) -> 180
A5: y | B5: 8 | C5: =total!H5 -> 0.24 | D5: 3 | E5: =B5+D5 -> 11 | F5: 30000 | G5: =ROUNDUP(C5*F5/1000,0) -> 8 | H5: 4 | I5: =G5*H5-E5 -> 21
A6: w | B6: 169 | C6: =total!H6 -> 2.5 | E6: =B6+D6 -> 169 | F6: 30000 | G6: =ROUNDUP(C6*F6/1000,0) -> 75 | H6: 4 | I6: =G6*H6-E6 -> 131 | K6: =(1100+540)*85 -> 139400
A7: powder | B7: 100 | C7: =total!H7 -> 4 | D7: 120 | E7: =B7+D7 -> 220 | F7: 30000 | G7: =C7*F7/1000 -> 120 | H7: 4 | I7: =G7*H7-E7 -> 260 | K7: =I7*8*85 -> 176800
A8: film | B8: 22 | C8: =total!H8 -> 1 | D8: 36 | E8: =B8+D8 -> 58 | F8: 30000 | G8: =C8*F8/1000 -> 30 | H8: 4 | I8: =G8*H8-E8 -> 62 | K8: =I8*3800 -> 235600 | L8: =SUM(K6:K8) -> 551800
A9: clean solution | B9: 25 | C9: =total!H9 -> 0.25 | E9: =B9+D9 -> 25 | F9: 30000 | G9: =C9*F9/1000 -> 7.5 | H9: 4 | I9: =G9*H9-E9 -> 5
A10: скотч металл | B10: 1 | C10: =total!H10 -> 0.25 | E10: =B10+D10 -> 1 | F10: 30000 | G10: =C10*F10/1000 -> 7.5 | H10: 4 | I10: =G10*H10-E10 -> 29
A22: =62*3800 -> 235600

Sheet остатки
A1: спрос в мес
A2: 24000
A3: краски | B3: расход | C3: остатки | D3: 22.06.2026 в пути | E3: остатки итого | F3: спрос в мес | G3: количество расхода в месяц | H3: хватит на мес | I3: заказать на Х месяцев | L3: цена
A4: k | B4: 0.09 | C4: 12 | D4: 8 | E4: =C4+D4 -> 20 | F4: =A2 -> 24000 | G4: =ROUNDUP(B4*F4/1000,0) -> 3 | H4: =ROUNDUP(E4/G4,1) -> 6.7 | I4: 2 | J4: =G4*I4 -> 6
A5: c | B5: 0.09 | C5: 6 | D5: 8 | E5: =SUM(C5:D5) -> 14 | F5: =A2 -> 24000 | G5: =ROUNDUP(B5*F5/1000,0) -> 3 | H5: =ROUNDUP(E5/G5,1) -> 4.7 | I5: 2 | J5: =G5*I5 -> 6
A6: m | B6: 0.19 | C6: 24 | D6: 10 | E6: =SUM(C6:D6) -> 34 | F6: =A2 -> 24000 | G6: =ROUNDUP(B6*F6/1000,0) -> 5 | H6: =ROUNDUP(E6/G6,1) -> 6.8 | I6: 2 | J6: =G6*I6 -> 10
A7: y | B7: 0.24 | C7: 35 | D7: 8 | E7: =SUM(C7:D7) -> 43 | F7: =A2 -> 24000 | G7: =ROUNDUP(B7*F7/1000,0) -> 6 | H7: =ROUNDUP(E7/G7,1) -> 7.2 | I7: 2 | J7: =G7*I7 -> 12 | Q7: 1688 | R7: xiinflying | S7: россия
A8: w | B8: 2.6 | C8: 280 | D8: 126 | E8: =SUM(C8:D8) -> 406 | F8: =A2 -> 24000 | G8: =ROUNDUP(B8*F8/1000,0) -> 63 | H8: =ROUNDUP(E8/G8,1) -> 6.5 | I8: 2 | J8: =G8*I8 -> 126 | K8: =SUM(J4:J8) -> 160 | L8: =K8*22+K8*3.2*90+950*90 -> 135100 | M8: =L8*2 -> 270200 | O8: =950+J9*5 -> 1910
A9: powder | B9: 4 | C9: 510 | D9: 190 | E9: =SUM(C9:D9) -> 700 | F9: =A2 -> 24000 | G9: =ROUNDUP(B9*F9/1000,0) -> 96 | H9: =ROUNDUP(E9/G9,1) -> 7.3 | I9: 2 | J9: =G9*I9 -> 192 | L9: =J9*3.2*90+J9*22 -> 59520 | M9: =L9*2 -> 119040 | Q9: =(3.48+3.2)*90+22 -> 623.2 | R9: =8.2*90+1*22 -> 760 | S9: 930
A10: film | B10: 1 | C10: 58 | D10: 100 | E10: =SUM(C10:D10) -> 158 | F10: =A2 -> 24000 | G10: =ROUNDUP(B10*F10/1000,0) -> 24 | H10: =ROUNDUP(E10/G10,1) -> 6.6 | I10: 2 | J10: =G10*I10 -> 48 | L10: =J10*3800+J10*22 -> 183456 | M10: =100*3600+100*22 -> 362200 | P10: 192 | Q10: =Q9*P10 -> 119654.4 | R10: =R9*P10 -> 145920 | S10: =S9*P10 -> 178560
A11: clean solution | B11: 0.25 | C11: 25 | E11: =SUM(C11:D11) -> 25 | F11: =A2 -> 24000 | G11: =ROUNDUP(B11*F11/1000,0) -> 6 | H11: =ROUNDUP(E11/G11,1) -> 4.2 | I11: 2 | J11: =G11*I11 -> 12 | L11: =SUM(L8:L10) -> 378076 | M11: =SUM(M8:M10) -> 751440
A12: скотч металл | B12: 0.25 | C12: 2 | E12: =SUM(C12:D12) -> 2 | F12: =A2 -> 24000 | G12: =ROUNDUP(B12*F12/1000,0) -> 6 | H12: =ROUNDUP(E12/G12,1) -> 0.4 | I12: 2 | J12: =G12*I12 -> 12
A13: коробка 230х190х190 | E13: =SUM(C13:D13) -> 0 | G13: =ROUNDUP(B13*F13/1000,0) -> 0
A14: коробка 310х240х200 | E14: =SUM(C14:D14) -> 0 | G14: =ROUNDUP(B14*F14/1000,0) -> 0
A15: коробка 310х240х100 | E15: =SUM(C15:D15) -> 0 | G15: =ROUNDUP(B15*F15/1000,0) -> 0
A16: пакеты 22х30 | B16: =A2*0.75/24 -> 750 | C16: 25000 | E16: =SUM(C16:D16) -> 25000 | F16: =A2 -> 24000 | G16: =ROUNDUP(B16*F16/1000,0) -> 18000 | H16: =ROUNDUP(E16/G16,1) -> 1.4
A17: пакеты 18х25 | B17: =A2*0.25/24 -> 250 | C17: 50000 | E17: =SUM(C17:D17) -> 50000 | F17: =A2 -> 24000 | G17: =ROUNDUP(B17*F17/1000,0) -> 6000 | H17: =ROUNDUP(E17/G17,1) -> 8.4
A18: картон, кг | B18: 17.85 | C18: 610 | D18: 240 | E18: =SUM(C18:D18) -> 850 | F18: =A2 -> 24000 | G18: =ROUNDUP(B18*F18/1000,0) -> 429 | H18: =ROUNDUP(E18/G18,1) -> 2 | I18: 2 | J18: =G18*I18 -> 858
A19: резка
A20: упаковка

Sheet 06.10.2026
A1: спрос в мес
A2: 24000
A3: краски | B3: расход | C3: остатки | D3: 46301 | E3: остатки итого | F3: спрос в мес | G3: количество расхода в месяц | H3: хватит на мес | I3: заказать на Х месяцев | L3: цена
A4: k | B4: 0.09 | C4: 0 | D4: 17 | E4: =C4+D4 -> 17 | F4: =A2 -> 24000 | G4: =ROUNDUP(B4*F4/1000,0) -> 3 | H4: =ROUNDUP(E4/G4,1) -> 5.7 | I4: 0 | J4: =G4*I4 -> 0
A5: c | B5: 0.09 | C5: 0 | D5: 16 | E5: =SUM(C5:D5) -> 16 | F5: =A2 -> 24000 | G5: =ROUNDUP(B5*F5/1000,0) -> 3 | H5: =ROUNDUP(E5/G5,1) -> 5.4 | I5: 0 | J5: =G5*I5 -> 0
A6: m | B6: 0.19 | C6: 0 | D6: 28 | E6: =SUM(C6:D6) -> 28 | F6: =A2 -> 24000 | G6: =ROUNDUP(B6*F6/1000,0) -> 5 | H6: =ROUNDUP(E6/G6,1) -> 5.6 | I6: 0 | J6: =G6*I6 -> 0
A7: y | B7: 0.24 | C7: 0 | D7: 36 | E7: =SUM(C7:D7) -> 36 | F7: =A2 -> 24000 | G7: =ROUNDUP(B7*F7/1000,0) -> 6 | H7: =ROUNDUP(E7/G7,1) -> 6 | I7: 0 | J7: =G7*I7 -> 0 | Q7: 1688 | R7: xiinflying | S7: россия
A8: w | B8: 2.6 | C8: 0 | D8: 220 | E8: =SUM(C8:D8) -> 220 | F8: =A2 -> 24000 | G8: =ROUNDUP(B8*F8/1000,0) -> 63 | H8: =ROUNDUP(E8/G8,1) -> 3.5 | I8: 2.5 | J8: =G8*I8 -> 157.5 | K8: =SUM(J4:J8) -> 157.5 | M8: =K8*22+K8*3.2*90+950*90 -> 134325 | O8: =950+J9*5 -> 1430
A9: powder | B9: 4 | C9: 0 | D9: 470 | E9: =SUM(C9:D9) -> 470 | F9: =A2 -> 24000 | G9: =ROUNDUP(B9*F9/1000,0) -> 96 | H9: =ROUNDUP(E9/G9,1) -> 4.9 | I9: 1 | J9: =G9*I9 -> 96 | M9: =J9*3.2*90+J9*22 -> 29760 | Q9: =(3.48+3.2)*90+22 -> 623.2 | R9: =8.2*90+1*22 -> 760 | S9: 930
A10: film | B10: 1 | C10: 0 | D10: 86 | E10: =SUM(C10:D10) -> 86 | F10: =A2 -> 24000 | G10: =ROUNDUP(B10*F10/1000,0) -> 24 | H10: =ROUNDUP(E10/G10,1) -> 3.6 | I10: 2.4 | J10: =G10*I10 -> 57.6 | M10: =J10*3800+J10*22 -> 220147.2 | P10: 192 | Q10: =Q9*P10 -> 119654.4 | R10: =R9*P10 -> 145920 | S10: =S9*P10 -> 178560
A11: clean solution | B11: 0.25 | C11: 0 | D11: 18 | E11: =SUM(C11:D11) -> 18 | F11: =A2 -> 24000 | G11: =ROUNDUP(B11*F11/1000,0) -> 6 | H11: =ROUNDUP(E11/G11,1) -> 3 | I11: 3 | J11: =G11*I11 -> 18
A12: скотч металл | B12: 0.25 | C12: 0 | E12: =SUM(C12:D12) -> 0 | F12: =A2 -> 24000 | G12: =ROUNDUP(B12*F12/1000,0) -> 6 | H12: =ROUNDUP(E12/G12,1) -> 0 | I12: 2 | J12: =G12*I12 -> 12
A13: коробка 230х190х190 | E13: =SUM(C13:D13) -> 0 | G13: =ROUNDUP(B13*F13/1000,0) -> 0
A14: коробка 310х240х200 | E14: =SUM(C14:D14) -> 0 | G14: =ROUNDUP(B14*F14/1000,0) -> 0
A15: коробка 310х240х100 | E15: =SUM(C15:D15) -> 0 | G15: =ROUNDUP(B15*F15/1000,0) -> 0
A16: пакеты 22х30 | B16: =A2*0.75/24 -> 750 | C16: 25000 | E16: =SUM(C16:D16) -> 25000 | F16: =A2 -> 24000 | G16: =ROUNDUP(B16*F16/1000,0) -> 18000 | H16: =ROUNDUP(E16/G16,1) -> 1.4
A17: пакеты 18х25 | B17: =A2*0.25/24 -> 250 | C17: 50000 | E17: =SUM(C17:D17) -> 50000 | F17: =A2 -> 24000 | G17: =ROUNDUP(B17*F17/1000,0) -> 6000 | H17: =ROUNDUP(E17/G17,1) -> 8.4
A18: картон, кг | B18: 17.85 | C18: 610 | D18: 240 | E18: =SUM(C18:D18) -> 850 | F18: =A2 -> 24000 | G18: =ROUNDUP(B18*F18/1000,0) -> 429 | H18: =ROUNDUP(E18/G18,1) -> 2 | I18: 2 | J18: =G18*I18 -> 858 | M18: =SUM(M8:M10) -> 384232.2
A19: резка
A20: упаковка

Sheet Лист6
A1: краски | B1: расход | C1: остатки | D1: в пути | E1: в пути | F1: 06.06.2026 в пути | G1: 22.06.2026 в пути
A2: k | B2: 0.09 | C2: 2 | E2: 7 | F2: 6 | G2: 8
A3: c | B3: 0.09 | C3: 3 | E3: 7 | F3: 6 | G3: 8
A4: m | B4: 0.19 | C4: 4 | E4: 15 | F4: 10 | G4: 10
A5: y | B5: 0.24 | C5: 7 | E5: 21 | F5: 12 | G5: 8
A6: w | B6: 2.6 | C6: 103 | E6: 130 | F6: 126 | G6: 126
A7: powder | B7: 4 | C7: 140 | E7: 260 | F7: 190 | G7: 190
A8: film | B8: 1 | C8: 88 | G8: 100
A9: clean solution | B9: 0.25 | C9: 25
A10: скотч металл | B10: 0.25 | C10: 2
A11: коробка 230х190х190
A12: коробка 310х240х200
A13: коробка 310х240х100
A14: пакеты 22х30 | B14: =#REF!*0.75/24 -> #REF! | C14: 25000
A15: пакеты 18х25 | B15: =#REF!*0.25/24 -> #REF! | C15: 50000
A16: картон, кг | B16: 17.85 | C16: 610 | D16: 240
A17: резка
A18: упаковка

Sheet спрос
B1: 46179
A2: спрос наклеек | B2: в день | C2: в месяц
A3: Amazing Pics WB | B3: 442
A4: Amazing Pics Ozon | B4: 104
A5: Puunky Monkey Wb | B5: 109
A6: Puunky Monkey Ozon | B6: 28
A7: Puunky Monkey Stickers Ozon | B7: 101
A8: итого | B8: =SUM(B3:B7) -> 784 | C8: =B8*30 -> 23520
